"Thread.ID","newsgroup","Thread_Relevancy"
"NG01_TH01441","netmed",1
"NG01_TH01439","netmed",0.5
"NG01_TH01437","netmed",1
"NG01_TH01436","netmed",1
"NG01_TH01435","netmed",1
"NG01_TH01434","netmed",1
"NG01_TH01433","netmed",0.0357142857142857
"NG01_TH01432","netmed",0.428571428571429
"NG01_TH01431","netmed",0.5
"NG01_TH01429","netmed",1
"NG01_TH01428","netmed",1
"NG01_TH01424","netmed",1.5
"NG01_TH01423","netmed",1
"NG01_TH01421","netmed",1
"NG01_TH01420","netmed",1.66666666666667
"NG01_TH01411","netmed",1
"NG01_TH01407","netmed",2
"NG01_TH01406","netmed",0.333333333333333
"NG01_TH01403","netmed",1
"NG01_TH01399","netmed",0.6
"NG01_TH01396","netmed",0.666666666666667
"NG01_TH01394","netmed",1
"NG01_TH01381","netmed",0.5
"NG01_TH01377","netmed",3
"NG01_TH01375","netmed",1
"NG01_TH01369","netmed",0.166666666666667
"NG01_TH01368","netmed",0.0833333333333333
"NG01_TH01365","netmed",0.333333333333333
"NG01_TH01359","netmed",1
"NG01_TH01354","netmed",1
"NG01_TH01352","netmed",1.91666666666667
"NG01_TH01347","netmed",1
"NG01_TH01343","netmed",0.2
"NG01_TH01342","netmed",0.5
"NG01_TH01336","netmed",1
"NG01_TH01326","netmed",0.142857142857143
"NG01_TH01324","netmed",0.5
"NG01_TH01308","netmed",0.384615384615385
"NG01_TH01307","netmed",0.333333333333333
"NG01_TH01305","netmed",1
"NG01_TH01304","netmed",0.5
"NG01_TH01296","netmed",1
"NG01_TH01291","netmed",1
"NG01_TH01286","netmed",0.333333333333333
"NG01_TH01272","netmed",0.25
"NG01_TH01264","netmed",0.5
"NG01_TH01259","netmed",1
"NG01_TH01257","netmed",1
"NG01_TH01253","netmed",1
"NG01_TH01250","netmed",0.105263157894737
"NG01_TH01242","netmed",0.25
"NG01_TH01239","netmed",1
"NG01_TH01232","netmed",0.133333333333333
"NG01_TH01231","netmed",0.222222222222222
"NG01_TH01230","netmed",1
"NG01_TH01226","netmed",5
"NG01_TH01223","netmed",1
"NG01_TH01204","netmed",0.0833333333333333
"NG01_TH01199","netmed",0.4
"NG01_TH01190","netmed",1
"NG01_TH01189","netmed",1
"NG01_TH01182","netmed",1
"NG01_TH01165","netmed",0.444444444444444
"NG01_TH01164","netmed",1
"NG01_TH01160","netmed",1
"NG01_TH01157","netmed",2.57142857142857
"NG01_TH01149","netmed",0.625
"NG01_TH01141","netmed",0.5
"NG01_TH01124","netmed",0.5
"NG01_TH01119","netmed",0.0909090909090909
"NG01_TH01117","netmed",2
"NG01_TH01115","netmed",2
"NG01_TH01112","netmed",0.666666666666667
"NG01_TH01106","netmed",1
"NG01_TH01105","netmed",1
"NG01_TH01103","netmed",2
"NG01_TH01101","netmed",2
"NG01_TH01097","netmed",0.333333333333333
"NG01_TH01091","netmed",0.285714285714286
"NG01_TH01089","netmed",0.25
"NG01_TH01082","netmed",0.8
"NG01_TH01079","netmed",3
"NG01_TH01075","netmed",1
"NG01_TH01074","netmed",2
"NG01_TH01071","netmed",1.6
"NG01_TH01067","netmed",0.333333333333333
"NG01_TH01066","netmed",0.5
"NG01_TH01065","netmed",1
"NG01_TH01063","netmed",1
"NG01_TH01060","netmed",1
"NG01_TH01053","netmed",0.416666666666667
"NG01_TH01051","netmed",2
"NG01_TH01042","netmed",0.428571428571429
"NG01_TH01038","netmed",0.5
"NG01_TH01034","netmed",1
"NG01_TH01033","netmed",0.117647058823529
"NG01_TH01030","netmed",1.5
"NG01_TH01029","netmed",1
"NG01_TH01028","netmed",1.94736842105263
"NG01_TH01025","netmed",1
"NG01_TH01022","netmed",0.04
"NG01_TH01021","netmed",0.333333333333333
"NG01_TH01017","netmed",4
"NG01_TH01016","netmed",1
"NG01_TH01015","netmed",1.5
"NG01_TH01012","netmed",1
"NG01_TH01011","netmed",0.333333333333333
"NG01_TH01010","netmed",1
"NG01_TH01007","netmed",0.4
"NG01_TH01001","netmed",1.625
"NG01_TH00996","netmed",1
"NG01_TH00990","netmed",0.25
"NG01_TH00989","netmed",3
"NG01_TH00985","netmed",1
"NG01_TH00983","netmed",0.0769230769230769
"NG01_TH00978","netmed",0.5
"NG01_TH00977","netmed",0.0566037735849057
"NG01_TH00974","netmed",0.5
"NG01_TH00972","netmed",1
"NG01_TH00970","netmed",0.2
"NG01_TH00969","netmed",0.333333333333333
"NG01_TH00958","netmed",1.5
"NG01_TH00954","netmed",2
"NG01_TH00952","netmed",0.5
"NG01_TH00947","netmed",0.5
"NG01_TH00944","netmed",1
"NG01_TH00942","netmed",1
"NG01_TH00939","netmed",0.0416666666666667
"NG01_TH00928","netmed",0.2
"NG01_TH00922","netmed",0.2
"NG01_TH00921","netmed",0.153846153846154
"NG01_TH00920","netmed",1
"NG01_TH00914","netmed",0.333333333333333
"NG01_TH00913","netmed",0.5
"NG01_TH00912","netmed",0.363636363636364
"NG01_TH00908","netmed",0.571428571428571
"NG01_TH00903","netmed",0.333333333333333
"NG01_TH00900","netmed",1
"NG01_TH00899","netmed",1
"NG01_TH00893","netmed",0.25
"NG01_TH00892","netmed",1
"NG01_TH00887","netmed",0.142857142857143
"NG01_TH00882","netmed",0.333333333333333
"NG01_TH00877","netmed",0.25
"NG01_TH00876","netmed",1
"NG01_TH00875","netmed",0.714285714285714
"NG01_TH00872","netmed",3
"NG01_TH00871","netmed",0.8
"NG01_TH00866","netmed",0.333333333333333
"NG01_TH00865","netmed",1
"NG01_TH00864","netmed",0.333333333333333
"NG01_TH00863","netmed",0.333333333333333
"NG01_TH00862","netmed",1
"NG01_TH00861","netmed",1
"NG01_TH00858","netmed",0.571428571428571
"NG01_TH00855","netmed",0.125
"NG01_TH00851","netmed",0.333333333333333
"NG01_TH00843","netmed",0.5
"NG01_TH00841","netmed",1.6
"NG01_TH00839","netmed",1
"NG01_TH00836","netmed",0.166666666666667
"NG01_TH00835","netmed",0.75
"NG01_TH00833","netmed",2
"NG01_TH00828","netmed",0.5
"NG01_TH00824","netmed",0.5
"NG01_TH00823","netmed",2
"NG01_TH00814","netmed",0.5
"NG01_TH00813","netmed",1
"NG01_TH00811","netmed",1
"NG01_TH00806","netmed",0.5
"NG01_TH00805","netmed",1
"NG01_TH00801","netmed",1
"NG01_TH00799","netmed",0.166666666666667
"NG01_TH00796","netmed",5
"NG01_TH00791","netmed",1
"NG01_TH00785","netmed",4
"NG01_TH00776","netmed",1
"NG01_TH00775","netmed",2
"NG01_TH00773","netmed",2.16666666666667
"NG01_TH00771","netmed",0.666666666666667
"NG01_TH00769","netmed",0.6
"NG01_TH00764","netmed",1
"NG01_TH00763","netmed",1
"NG01_TH00762","netmed",0.615384615384615
"NG01_TH00751","netmed",0.0833333333333333
"NG01_TH00746","netmed",0.157894736842105
"NG01_TH00745","netmed",1
"NG01_TH00744","netmed",3
"NG01_TH00742","netmed",0.263157894736842
"NG01_TH00737","netmed",1
"NG01_TH00731","netmed",2
"NG01_TH00729","netmed",4
"NG01_TH00728","netmed",0.5
"NG01_TH00714","netmed",2
"NG01_TH00712","netmed",1
"NG01_TH00711","netmed",1
"NG01_TH00697","netmed",2.66666666666667
"NG01_TH00691","netmed",0.285714285714286
"NG01_TH00684","netmed",1
"NG01_TH00682","netmed",0.2
"NG01_TH00675","netmed",1
"NG01_TH00670","netmed",0.5
"NG01_TH00663","netmed",0.333333333333333
"NG01_TH00659","netmed",1
"NG01_TH00658","netmed",0.181818181818182
"NG01_TH00656","netmed",3.5
"NG01_TH00651","netmed",0.258064516129032
"NG01_TH00644","netmed",1
"NG01_TH00642","netmed",1.5
"NG01_TH00635","netmed",1
"NG01_TH00624","netmed",0.571428571428571
"NG01_TH00623","netmed",0.25
"NG01_TH00617","netmed",0.25
"NG01_TH00606","netmed",4
"NG01_TH00602","netmed",1
"NG01_TH00599","netmed",0.125
"NG01_TH00591","netmed",2.5
"NG01_TH00590","netmed",0.333333333333333
"NG01_TH00588","netmed",2
"NG01_TH00586","netmed",1
"NG01_TH00585","netmed",4
"NG01_TH00582","netmed",4
"NG01_TH00578","netmed",1.33333333333333
"NG01_TH00575","netmed",4
"NG01_TH00574","netmed",0.333333333333333
"NG01_TH00573","netmed",3
"NG01_TH00571","netmed",0.2
"NG01_TH00570","netmed",1
"NG01_TH00568","netmed",1
"NG01_TH00553","netmed",1
"NG01_TH00551","netmed",0.0714285714285714
"NG01_TH00547","netmed",0.142857142857143
"NG01_TH00546","netmed",0.25
"NG01_TH00541","netmed",0.5
"NG01_TH00538","netmed",0.333333333333333
"NG01_TH00527","netmed",1
"NG01_TH00524","netmed",1
"NG01_TH00523","netmed",1
"NG01_TH00512","netmed",1
"NG01_TH00511","netmed",0.5
"NG01_TH00509","netmed",1
"NG01_TH00505","netmed",1
"NG01_TH00499","netmed",1
"NG01_TH00497","netmed",1
"NG01_TH00463","netmed",0.0909090909090909
"NG01_TH00456","netmed",0.5
"NG01_TH00440","netmed",0.0769230769230769
"NG01_TH00438","netmed",1
"NG01_TH00437","netmed",1
"NG01_TH00427","netmed",0.6
"NG01_TH00423","netmed",1
"NG01_TH00417","netmed",0.2
"NG01_TH00416","netmed",1
"NG01_TH00409","netmed",0.25
"NG01_TH00406","netmed",1
"NG01_TH00404","netmed",0.5
"NG01_TH00393","netmed",0.333333333333333
"NG01_TH00390","netmed",0.166666666666667
"NG01_TH00382","netmed",0.333333333333333
"NG01_TH00381","netmed",1
"NG01_TH00380","netmed",1
"NG01_TH00376","netmed",2.66666666666667
"NG01_TH00359","netmed",0.0833333333333333
"NG01_TH00358","netmed",0.0952380952380952
"NG01_TH00346","netmed",1
"NG01_TH00338","netmed",0.0588235294117647
"NG01_TH00336","netmed",1
"NG01_TH00331","netmed",0.142857142857143
"NG01_TH00328","netmed",1
"NG01_TH00324","netmed",1
"NG01_TH00304","netmed",2
"NG01_TH00300","netmed",0.25
"NG01_TH00299","netmed",0.2
"NG01_TH00297","netmed",0.2
"NG01_TH00289","netmed",1
"NG01_TH00280","netmed",0.333333333333333
"NG01_TH00269","netmed",0.666666666666667
"NG01_TH00264","netmed",1
"NG01_TH00262","netmed",0.1
"NG01_TH00259","netmed",0.5
"NG01_TH00256","netmed",1
"NG01_TH00240","netmed",1
"NG01_TH00236","netmed",0.25
"NG01_TH00230","netmed",1
"NG01_TH00225","netmed",1
"NG01_TH00223","netmed",1
"NG01_TH00212","netmed",1
"NG01_TH00211","netmed",0.5
"NG01_TH00202","netmed",1
"NG01_TH00196","netmed",0.5
"NG01_TH00194","netmed",0.5
"NG01_TH00187","netmed",1
"NG01_TH00186","netmed",0.666666666666667
"NG01_TH00178","netmed",0.5
"NG01_TH00176","netmed",1
"NG01_TH00160","netmed",1
"NG01_TH00101","netmed",2
"NG01_TH00098","netmed",0.333333333333333
"NG01_TH00096","netmed",0.5
"NG01_TH00093","netmed",1
"NG01_TH00092","netmed",1
"NG01_TH00085","netmed",0.5
"NG01_TH00084","netmed",0.5
"NG01_TH00082","netmed",1
"NG01_TH00080","netmed",0.5
"NG01_TH00071","netmed",0.5
"NG01_TH00068","netmed",1
"NG01_TH00060","netmed",0.333333333333333
"NG01_TH00048","netmed",0.5
"NG01_TH00040","netmed",0.5
"NG01_TH00037","netmed",0.333333333333333
"NG01_TH00036","netmed",1
"NG01_TH00034","netmed",0.5
"NG01_TH00032","netmed",1
"NG01_TH00005","netmed",1
"NG02_TH01073","netmotss",1
"NG02_TH01070","netmotss",1
"NG02_TH01069","netmotss",1
"NG02_TH01066","netmotss",0.777777777777778
"NG02_TH01065","netmotss",0.875
"NG02_TH01059","netmotss",0.857142857142857
"NG02_TH01058","netmotss",2
"NG02_TH01057","netmotss",1
"NG02_TH01056","netmotss",2.83333333333333
"NG02_TH01055","netmotss",1
"NG02_TH01054","netmotss",2.5
"NG02_TH01053","netmotss",0.5
"NG02_TH01052","netmotss",3.5
"NG02_TH01048","netmotss",1
"NG02_TH01047","netmotss",4
"NG02_TH01046","netmotss",1.81818181818182
"NG02_TH01045","netmotss",0.6
"NG02_TH01044","netmotss",2
"NG02_TH01043","netmotss",2
"NG02_TH01042","netmotss",1
"NG02_TH01041","netmotss",2
"NG02_TH01040","netmotss",2
"NG02_TH01039","netmotss",3
"NG02_TH01037","netmotss",0.75
"NG02_TH01036","netmotss",0.6
"NG02_TH01035","netmotss",0.5
"NG02_TH01034","netmotss",1
"NG02_TH01033","netmotss",0.5
"NG02_TH01029","netmotss",1
"NG02_TH01028","netmotss",1
"NG02_TH01027","netmotss",0.875
"NG02_TH01026","netmotss",0.6
"NG02_TH01025","netmotss",0.333333333333333
"NG02_TH01024","netmotss",0.75
"NG02_TH01023","netmotss",2
"NG02_TH01020","netmotss",1
"NG02_TH01018","netmotss",2
"NG02_TH01015","netmotss",0.333333333333333
"NG02_TH01013","netmotss",1
"NG02_TH01012","netmotss",1
"NG02_TH01011","netmotss",1
"NG02_TH01009","netmotss",1
"NG02_TH01008","netmotss",1
"NG02_TH01007","netmotss",0.333333333333333
"NG02_TH01005","netmotss",1.125
"NG02_TH01004","netmotss",2
"NG02_TH01003","netmotss",1
"NG02_TH01002","netmotss",2.5
"NG02_TH01001","netmotss",1
"NG02_TH00997","netmotss",1
"NG02_TH00993","netmotss",0.25
"NG02_TH00992","netmotss",2
"NG02_TH00991","netmotss",1
"NG02_TH00989","netmotss",0.2
"NG02_TH00986","netmotss",0.9
"NG02_TH00984","netmotss",1
"NG02_TH00982","netmotss",1
"NG02_TH00981","netmotss",2
"NG02_TH00980","netmotss",2
"NG02_TH00978","netmotss",0.777777777777778
"NG02_TH00976","netmotss",0.666666666666667
"NG02_TH00973","netmotss",0.8
"NG02_TH00971","netmotss",1
"NG02_TH00970","netmotss",1
"NG02_TH00969","netmotss",0.333333333333333
"NG02_TH00967","netmotss",1
"NG02_TH00966","netmotss",1
"NG02_TH00965","netmotss",1
"NG02_TH00964","netmotss",0.5
"NG02_TH00963","netmotss",1
"NG02_TH00961","netmotss",2
"NG02_TH00960","netmotss",2
"NG02_TH00959","netmotss",1
"NG02_TH00957","netmotss",0.5
"NG02_TH00956","netmotss",1
"NG02_TH00955","netmotss",1.25
"NG02_TH00954","netmotss",1.5
"NG02_TH00953","netmotss",1
"NG02_TH00952","netmotss",1
"NG02_TH00950","netmotss",1
"NG02_TH00949","netmotss",1
"NG02_TH00948","netmotss",1
"NG02_TH00947","netmotss",1
"NG02_TH00946","netmotss",1
"NG02_TH00945","netmotss",1
"NG02_TH00944","netmotss",1
"NG02_TH00943","netmotss",0.333333333333333
"NG02_TH00941","netmotss",0.142857142857143
"NG02_TH00940","netmotss",2.57142857142857
"NG02_TH00939","netmotss",1
"NG02_TH00937","netmotss",1.33333333333333
"NG02_TH00935","netmotss",0.25
"NG02_TH00934","netmotss",1
"NG02_TH00933","netmotss",0.666666666666667
"NG02_TH00932","netmotss",1
"NG02_TH00931","netmotss",0.666666666666667
"NG02_TH00930","netmotss",1
"NG02_TH00929","netmotss",1
"NG02_TH00928","netmotss",3
"NG02_TH00926","netmotss",2
"NG02_TH00925","netmotss",1
"NG02_TH00923","netmotss",1.66666666666667
"NG02_TH00922","netmotss",1.5
"NG02_TH00919","netmotss",2
"NG02_TH00918","netmotss",1.66666666666667
"NG02_TH00917","netmotss",2
"NG02_TH00916","netmotss",0.666666666666667
"NG02_TH00915","netmotss",0.5
"NG02_TH00914","netmotss",1
"NG02_TH00913","netmotss",1
"NG02_TH00912","netmotss",2
"NG02_TH00911","netmotss",3
"NG02_TH00909","netmotss",1
"NG02_TH00908","netmotss",1
"NG02_TH00907","netmotss",0.5
"NG02_TH00905","netmotss",3
"NG02_TH00904","netmotss",0.555555555555556
"NG02_TH00903","netmotss",0.714285714285714
"NG02_TH00902","netmotss",0.5
"NG02_TH00901","netmotss",3
"NG02_TH00900","netmotss",2
"NG02_TH00899","netmotss",1
"NG02_TH00897","netmotss",1
"NG02_TH00896","netmotss",2
"NG02_TH00894","netmotss",2
"NG02_TH00893","netmotss",0.166666666666667
"NG02_TH00892","netmotss",1
"NG02_TH00891","netmotss",1
"NG02_TH00890","netmotss",0.714285714285714
"NG02_TH00887","netmotss",1
"NG02_TH00883","netmotss",2
"NG02_TH00882","netmotss",1
"NG02_TH00880","netmotss",2
"NG02_TH00879","netmotss",1
"NG02_TH00877","netmotss",1
"NG02_TH00874","netmotss",0.411764705882353
"NG02_TH00873","netmotss",1
"NG02_TH00872","netmotss",2
"NG02_TH00870","netmotss",4
"NG02_TH00869","netmotss",1
"NG02_TH00867","netmotss",3
"NG02_TH00866","netmotss",0.5
"NG02_TH00864","netmotss",3.5
"NG02_TH00863","netmotss",1
"NG02_TH00862","netmotss",1
"NG02_TH00861","netmotss",1
"NG02_TH00860","netmotss",1.625
"NG02_TH00859","netmotss",1
"NG02_TH00858","netmotss",1
"NG02_TH00857","netmotss",0.421052631578947
"NG02_TH00856","netmotss",1
"NG02_TH00855","netmotss",1
"NG02_TH00852","netmotss",1
"NG02_TH00851","netmotss",1
"NG02_TH00849","netmotss",1
"NG02_TH00847","netmotss",2
"NG02_TH00845","netmotss",1
"NG02_TH00841","netmotss",2
"NG02_TH00840","netmotss",1
"NG02_TH00839","netmotss",0.5
"NG02_TH00838","netmotss",2
"NG02_TH00837","netmotss",1
"NG02_TH00836","netmotss",1
"NG02_TH00835","netmotss",1.66666666666667
"NG02_TH00834","netmotss",1
"NG02_TH00833","netmotss",1
"NG02_TH00832","netmotss",0.941176470588235
"NG02_TH00831","netmotss",0.5
"NG02_TH00830","netmotss",1
"NG02_TH00829","netmotss",0.846153846153846
"NG02_TH00828","netmotss",1.5
"NG02_TH00827","netmotss",1
"NG02_TH00826","netmotss",1
"NG02_TH00825","netmotss",1
"NG02_TH00824","netmotss",1
"NG02_TH00823","netmotss",0.333333333333333
"NG02_TH00821","netmotss",0.5
"NG02_TH00820","netmotss",1
"NG02_TH00818","netmotss",1.33333333333333
"NG02_TH00817","netmotss",1
"NG02_TH00815","netmotss",1
"NG02_TH00813","netmotss",1
"NG02_TH00812","netmotss",0.666666666666667
"NG02_TH00811","netmotss",3
"NG02_TH00810","netmotss",1
"NG02_TH00809","netmotss",1
"NG02_TH00808","netmotss",1
"NG02_TH00807","netmotss",1
"NG02_TH00806","netmotss",1
"NG02_TH00805","netmotss",1
"NG02_TH00804","netmotss",1
"NG02_TH00803","netmotss",3
"NG02_TH00802","netmotss",1
"NG02_TH00799","netmotss",1.5
"NG02_TH00798","netmotss",1.5
"NG02_TH00796","netmotss",1
"NG02_TH00795","netmotss",0.571428571428571
"NG02_TH00793","netmotss",1
"NG02_TH00791","netmotss",0.75
"NG02_TH00790","netmotss",0.5
"NG02_TH00789","netmotss",2
"NG02_TH00786","netmotss",1
"NG02_TH00784","netmotss",1.5
"NG02_TH00783","netmotss",1
"NG02_TH00782","netmotss",1
"NG02_TH00780","netmotss",1
"NG02_TH00778","netmotss",1
"NG02_TH00777","netmotss",2
"NG02_TH00775","netmotss",0.5
"NG02_TH00774","netmotss",2
"NG02_TH00773","netmotss",1
"NG02_TH00771","netmotss",1
"NG02_TH00768","netmotss",1
"NG02_TH00767","netmotss",4
"NG02_TH00766","netmotss",0.333333333333333
"NG02_TH00764","netmotss",1
"NG02_TH00763","netmotss",0.666666666666667
"NG02_TH00762","netmotss",1
"NG02_TH00761","netmotss",0.25
"NG02_TH00760","netmotss",0.5
"NG02_TH00759","netmotss",1.25
"NG02_TH00758","netmotss",1
"NG02_TH00756","netmotss",1
"NG02_TH00755","netmotss",3
"NG02_TH00752","netmotss",2.6
"NG02_TH00750","netmotss",0.25
"NG02_TH00749","netmotss",4
"NG02_TH00746","netmotss",1
"NG02_TH00745","netmotss",2
"NG02_TH00743","netmotss",1
"NG02_TH00742","netmotss",1
"NG02_TH00739","netmotss",1
"NG02_TH00738","netmotss",0.272727272727273
"NG02_TH00732","netmotss",1
"NG02_TH00731","netmotss",1
"NG02_TH00729","netmotss",1
"NG02_TH00728","netmotss",2
"NG02_TH00725","netmotss",2
"NG02_TH00724","netmotss",3
"NG02_TH00723","netmotss",0.333333333333333
"NG02_TH00722","netmotss",1
"NG02_TH00721","netmotss",0.5
"NG02_TH00720","netmotss",0.5
"NG02_TH00719","netmotss",1
"NG02_TH00718","netmotss",0.5
"NG02_TH00717","netmotss",1
"NG02_TH00716","netmotss",1
"NG02_TH00715","netmotss",1
"NG02_TH00714","netmotss",1
"NG02_TH00713","netmotss",4
"NG02_TH00712","netmotss",0.647058823529412
"NG02_TH00711","netmotss",0.863636363636364
"NG02_TH00710","netmotss",1
"NG02_TH00709","netmotss",1
"NG02_TH00708","netmotss",0.375
"NG02_TH00704","netmotss",0.571428571428571
"NG02_TH00703","netmotss",2
"NG02_TH00702","netmotss",1
"NG02_TH00700","netmotss",1
"NG02_TH00699","netmotss",0.333333333333333
"NG02_TH00698","netmotss",0.5
"NG02_TH00697","netmotss",0.666666666666667
"NG02_TH00690","netmotss",0.5
"NG02_TH00689","netmotss",1
"NG02_TH00688","netmotss",1.5
"NG02_TH00687","netmotss",0.428571428571429
"NG02_TH00685","netmotss",1
"NG02_TH00684","netmotss",2
"NG02_TH00683","netmotss",1
"NG02_TH00682","netmotss",1
"NG02_TH00681","netmotss",0.25
"NG02_TH00680","netmotss",1
"NG02_TH00678","netmotss",1
"NG02_TH00677","netmotss",0.666666666666667
"NG02_TH00675","netmotss",1
"NG02_TH00673","netmotss",4
"NG02_TH00672","netmotss",2
"NG02_TH00671","netmotss",1
"NG02_TH00669","netmotss",1
"NG02_TH00667","netmotss",0.2
"NG02_TH00664","netmotss",1
"NG02_TH00663","netmotss",1
"NG02_TH00662","netmotss",1
"NG02_TH00661","netmotss",1
"NG02_TH00660","netmotss",0.5
"NG02_TH00659","netmotss",1
"NG02_TH00657","netmotss",1
"NG02_TH00653","netmotss",1
"NG02_TH00652","netmotss",1
"NG02_TH00651","netmotss",1
"NG02_TH00645","netmotss",2
"NG02_TH00643","netmotss",1
"NG02_TH00642","netmotss",1
"NG02_TH00641","netmotss",1
"NG02_TH00639","netmotss",1
"NG02_TH00637","netmotss",1
"NG02_TH00633","netmotss",1
"NG02_TH00631","netmotss",3.5
"NG02_TH00630","netmotss",0.428571428571429
"NG02_TH00629","netmotss",2
"NG02_TH00626","netmotss",2
"NG02_TH00623","netmotss",3
"NG02_TH00622","netmotss",1.5
"NG02_TH00618","netmotss",1
"NG02_TH00617","netmotss",1
"NG02_TH00615","netmotss",2
"NG02_TH00614","netmotss",1
"NG02_TH00613","netmotss",1
"NG02_TH00612","netmotss",4
"NG02_TH00609","netmotss",4
"NG02_TH00605","netmotss",1
"NG02_TH00604","netmotss",2
"NG02_TH00602","netmotss",1
"NG02_TH00601","netmotss",1
"NG02_TH00600","netmotss",1
"NG02_TH00599","netmotss",1
"NG02_TH00597","netmotss",2.66666666666667
"NG02_TH00596","netmotss",1
"NG02_TH00593","netmotss",0.333333333333333
"NG02_TH00592","netmotss",1
"NG02_TH00589","netmotss",0.666666666666667
"NG02_TH00587","netmotss",1
"NG02_TH00586","netmotss",4
"NG02_TH00585","netmotss",1
"NG02_TH00584","netmotss",1
"NG02_TH00583","netmotss",0.5
"NG02_TH00582","netmotss",0.4
"NG02_TH00581","netmotss",0.166666666666667
"NG02_TH00578","netmotss",4
"NG02_TH00577","netmotss",4
"NG02_TH00574","netmotss",1
"NG02_TH00572","netmotss",1
"NG02_TH00570","netmotss",0.5
"NG02_TH00569","netmotss",3
"NG02_TH00568","netmotss",0.5
"NG02_TH00566","netmotss",0.4
"NG02_TH00564","netmotss",1
"NG02_TH00563","netmotss",1
"NG02_TH00562","netmotss",1
"NG02_TH00561","netmotss",1.33333333333333
"NG02_TH00560","netmotss",1
"NG02_TH00556","netmotss",5
"NG02_TH00554","netmotss",1
"NG02_TH00553","netmotss",1
"NG02_TH00552","netmotss",1
"NG02_TH00549","netmotss",1
"NG02_TH00547","netmotss",1.66666666666667
"NG02_TH00544","netmotss",0.5
"NG02_TH00542","netmotss",0.75
"NG02_TH00540","netmotss",0.222222222222222
"NG02_TH00539","netmotss",0.5
"NG02_TH00538","netmotss",0.4
"NG02_TH00536","netmotss",2
"NG02_TH00535","netmotss",1
"NG02_TH00534","netmotss",1
"NG02_TH00533","netmotss",1
"NG02_TH00531","netmotss",1
"NG02_TH00530","netmotss",0.571428571428571
"NG02_TH00528","netmotss",1
"NG02_TH00525","netmotss",0.652173913043478
"NG02_TH00524","netmotss",1
"NG02_TH00523","netmotss",0.454545454545455
"NG02_TH00520","netmotss",1.66666666666667
"NG02_TH00519","netmotss",1
"NG02_TH00518","netmotss",0.5
"NG02_TH00517","netmotss",0.428571428571429
"NG02_TH00516","netmotss",1
"NG02_TH00515","netmotss",1
"NG02_TH00514","netmotss",3
"NG02_TH00512","netmotss",0.4
"NG02_TH00511","netmotss",3.5
"NG02_TH00510","netmotss",0.789473684210526
"NG02_TH00509","netmotss",1
"NG02_TH00508","netmotss",0.5
"NG02_TH00505","netmotss",1
"NG02_TH00503","netmotss",0.6
"NG02_TH00500","netmotss",0.272727272727273
"NG02_TH00499","netmotss",1
"NG02_TH00498","netmotss",1
"NG02_TH00497","netmotss",1
"NG02_TH00496","netmotss",1.5
"NG02_TH00495","netmotss",0.214285714285714
"NG02_TH00492","netmotss",1
"NG02_TH00490","netmotss",1
"NG02_TH00489","netmotss",1
"NG02_TH00488","netmotss",1
"NG02_TH00487","netmotss",0.5
"NG02_TH00485","netmotss",1
"NG02_TH00484","netmotss",0.4
"NG02_TH00483","netmotss",1
"NG02_TH00480","netmotss",1
"NG02_TH00479","netmotss",1
"NG02_TH00475","netmotss",0.5
"NG02_TH00474","netmotss",0.78
"NG02_TH00472","netmotss",0.5
"NG02_TH00471","netmotss",1
"NG02_TH00470","netmotss",1
"NG02_TH00469","netmotss",1
"NG02_TH00468","netmotss",1
"NG02_TH00467","netmotss",1.33333333333333
"NG02_TH00466","netmotss",2
"NG02_TH00465","netmotss",1
"NG02_TH00463","netmotss",1
"NG02_TH00461","netmotss",0.125
"NG02_TH00460","netmotss",1
"NG02_TH00459","netmotss",0.666666666666667
"NG02_TH00457","netmotss",2
"NG02_TH00456","netmotss",0.833333333333333
"NG02_TH00455","netmotss",1
"NG02_TH00452","netmotss",1.25
"NG02_TH00451","netmotss",2.5
"NG02_TH00450","netmotss",1
"NG02_TH00449","netmotss",0.857142857142857
"NG02_TH00447","netmotss",2.5
"NG02_TH00446","netmotss",1
"NG02_TH00444","netmotss",1
"NG02_TH00443","netmotss",1
"NG02_TH00439","netmotss",1.33333333333333
"NG02_TH00437","netmotss",0.75
"NG02_TH00435","netmotss",0.5
"NG02_TH00434","netmotss",1
"NG02_TH00432","netmotss",3
"NG02_TH00431","netmotss",3
"NG02_TH00429","netmotss",2
"NG02_TH00427","netmotss",1
"NG02_TH00426","netmotss",1
"NG02_TH00425","netmotss",1
"NG02_TH00424","netmotss",0.333333333333333
"NG02_TH00423","netmotss",1
"NG02_TH00422","netmotss",2.5
"NG02_TH00420","netmotss",1
"NG02_TH00418","netmotss",1
"NG02_TH00417","netmotss",2
"NG02_TH00416","netmotss",1
"NG02_TH00415","netmotss",2
"NG02_TH00414","netmotss",1
"NG02_TH00412","netmotss",2
"NG02_TH00411","netmotss",3
"NG02_TH00409","netmotss",2
"NG02_TH00408","netmotss",1
"NG02_TH00407","netmotss",1
"NG02_TH00406","netmotss",2
"NG02_TH00404","netmotss",1.33333333333333
"NG02_TH00403","netmotss",1
"NG02_TH00402","netmotss",1.8
"NG02_TH00401","netmotss",1
"NG02_TH00400","netmotss",0.5
"NG02_TH00394","netmotss",1
"NG02_TH00392","netmotss",1
"NG02_TH00391","netmotss",1
"NG02_TH00390","netmotss",2
"NG02_TH00388","netmotss",0.333333333333333
"NG02_TH00385","netmotss",1
"NG02_TH00382","netmotss",1.08
"NG02_TH00381","netmotss",0.5
"NG02_TH00380","netmotss",1
"NG02_TH00379","netmotss",0.666666666666667
"NG02_TH00378","netmotss",0.5
"NG02_TH00377","netmotss",1
"NG02_TH00376","netmotss",1
"NG02_TH00375","netmotss",1
"NG02_TH00374","netmotss",1.33333333333333
"NG02_TH00372","netmotss",4
"NG02_TH00370","netmotss",0.333333333333333
"NG02_TH00368","netmotss",0.5
"NG02_TH00366","netmotss",0.857142857142857
"NG02_TH00365","netmotss",1
"NG02_TH00364","netmotss",0.125
"NG02_TH00363","netmotss",2
"NG02_TH00362","netmotss",1
"NG02_TH00360","netmotss",2
"NG02_TH00359","netmotss",0.4
"NG02_TH00357","netmotss",1.71428571428571
"NG02_TH00356","netmotss",1
"NG02_TH00354","netmotss",1
"NG02_TH00353","netmotss",0.6
"NG02_TH00352","netmotss",1
"NG02_TH00351","netmotss",1
"NG02_TH00350","netmotss",1
"NG02_TH00349","netmotss",1
"NG02_TH00347","netmotss",0.5
"NG02_TH00346","netmotss",1
"NG02_TH00344","netmotss",1
"NG02_TH00343","netmotss",1
"NG02_TH00341","netmotss",1
"NG02_TH00340","netmotss",1
"NG02_TH00339","netmotss",0.666666666666667
"NG02_TH00337","netmotss",1.2
"NG02_TH00335","netmotss",1
"NG02_TH00334","netmotss",2
"NG02_TH00332","netmotss",0.333333333333333
"NG02_TH00331","netmotss",0.666666666666667
"NG02_TH00330","netmotss",1
"NG02_TH00329","netmotss",1
"NG02_TH00328","netmotss",1
"NG02_TH00326","netmotss",0.5
"NG02_TH00324","netmotss",1
"NG02_TH00322","netmotss",1
"NG02_TH00320","netmotss",0.111111111111111
"NG02_TH00318","netmotss",0.166666666666667
"NG02_TH00316","netmotss",1
"NG02_TH00315","netmotss",1
"NG02_TH00314","netmotss",0.5
"NG02_TH00312","netmotss",0.6
"NG02_TH00310","netmotss",0.25
"NG02_TH00309","netmotss",0.4
"NG02_TH00308","netmotss",1
"NG02_TH00305","netmotss",0.5
"NG02_TH00304","netmotss",1
"NG02_TH00302","netmotss",0.4
"NG02_TH00300","netmotss",0.666666666666667
"NG02_TH00298","netmotss",0.5
"NG02_TH00296","netmotss",1
"NG02_TH00295","netmotss",1
"NG02_TH00293","netmotss",0.5
"NG02_TH00292","netmotss",1
"NG02_TH00291","netmotss",1
"NG02_TH00290","netmotss",0.727272727272727
"NG02_TH00289","netmotss",0.285714285714286
"NG02_TH00288","netmotss",0.833333333333333
"NG02_TH00287","netmotss",1
"NG02_TH00286","netmotss",1
"NG02_TH00285","netmotss",0.5
"NG02_TH00283","netmotss",1
"NG02_TH00282","netmotss",1
"NG02_TH00278","netmotss",1
"NG02_TH00277","netmotss",0.5
"NG02_TH00276","netmotss",1
"NG02_TH00275","netmotss",0.5
"NG02_TH00274","netmotss",1
"NG02_TH00273","netmotss",0.285714285714286
"NG02_TH00272","netmotss",1
"NG02_TH00271","netmotss",1
"NG02_TH00269","netmotss",1
"NG02_TH00268","netmotss",0.333333333333333
"NG02_TH00267","netmotss",1
"NG02_TH00266","netmotss",1
"NG02_TH00263","netmotss",1
"NG02_TH00262","netmotss",1
"NG02_TH00261","netmotss",1
"NG02_TH00260","netmotss",1
"NG02_TH00259","netmotss",1
"NG02_TH00258","netmotss",0.888888888888889
"NG02_TH00257","netmotss",0.5
"NG02_TH00255","netmotss",1.66666666666667
"NG02_TH00253","netmotss",1
"NG02_TH00250","netmotss",1
"NG02_TH00249","netmotss",0.875
"NG02_TH00248","netmotss",1
"NG02_TH00247","netmotss",0.5
"NG02_TH00246","netmotss",1
"NG02_TH00245","netmotss",1
"NG02_TH00243","netmotss",0.714285714285714
"NG02_TH00238","netmotss",1
"NG02_TH00236","netmotss",1
"NG02_TH00235","netmotss",1
"NG02_TH00234","netmotss",1
"NG02_TH00232","netmotss",1.66666666666667
"NG02_TH00231","netmotss",1
"NG02_TH00230","netmotss",1
"NG02_TH00229","netmotss",1
"NG02_TH00228","netmotss",1
"NG02_TH00227","netmotss",0.5
"NG02_TH00226","netmotss",1
"NG02_TH00225","netmotss",0.833333333333333
"NG02_TH00224","netmotss",1
"NG02_TH00222","netmotss",1
"NG02_TH00221","netmotss",1
"NG02_TH00220","netmotss",1
"NG02_TH00219","netmotss",1
"NG02_TH00218","netmotss",1
"NG02_TH00217","netmotss",1
"NG02_TH00215","netmotss",0.25
"NG02_TH00214","netmotss",1
"NG02_TH00212","netmotss",1
"NG02_TH00211","netmotss",0.666666666666667
"NG02_TH00208","netmotss",1
"NG02_TH00206","netmotss",0.5
"NG02_TH00205","netmotss",0.5
"NG02_TH00204","netmotss",1
"NG02_TH00201","netmotss",1
"NG02_TH00198","netmotss",1
"NG02_TH00197","netmotss",0.25
"NG02_TH00190","netmotss",1
"NG02_TH00189","netmotss",1
"NG02_TH00188","netmotss",1
"NG02_TH00187","netmotss",1
"NG02_TH00185","netmotss",1
"NG02_TH00184","netmotss",0.6
"NG02_TH00183","netmotss",2.66666666666667
"NG02_TH00182","netmotss",1.25
"NG02_TH00181","netmotss",0.588235294117647
"NG02_TH00179","netmotss",1
"NG02_TH00177","netmotss",1
"NG02_TH00176","netmotss",1
"NG02_TH00172","netmotss",1
"NG02_TH00171","netmotss",1
"NG02_TH00168","netmotss",0.5
"NG02_TH00164","netmotss",1
"NG02_TH00163","netmotss",1
"NG02_TH00160","netmotss",1
"NG02_TH00159","netmotss",1
"NG02_TH00157","netmotss",1
"NG02_TH00155","netmotss",1
"NG02_TH00151","netmotss",1
"NG02_TH00150","netmotss",1
"NG02_TH00149","netmotss",0.25
"NG02_TH00148","netmotss",1
"NG02_TH00146","netmotss",1
"NG02_TH00145","netmotss",1
"NG02_TH00144","netmotss",2
"NG02_TH00142","netmotss",1
"NG02_TH00141","netmotss",2
"NG02_TH00139","netmotss",1
"NG02_TH00138","netmotss",1
"NG02_TH00136","netmotss",1
"NG02_TH00133","netmotss",1
"NG02_TH00131","netmotss",0.444444444444444
"NG02_TH00130","netmotss",0.333333333333333
"NG02_TH00128","netmotss",1
"NG02_TH00127","netmotss",0.5
"NG02_TH00126","netmotss",2.33333333333333
"NG02_TH00125","netmotss",0.571428571428571
"NG02_TH00124","netmotss",0.666666666666667
"NG02_TH00122","netmotss",1
"NG02_TH00120","netmotss",1
"NG02_TH00119","netmotss",1
"NG02_TH00118","netmotss",0.666666666666667
"NG02_TH00117","netmotss",1
"NG02_TH00116","netmotss",1
"NG02_TH00115","netmotss",0.428571428571429
"NG02_TH00114","netmotss",1
"NG02_TH00112","netmotss",1
"NG02_TH00110","netmotss",0.25
"NG02_TH00109","netmotss",1
"NG02_TH00108","netmotss",0.333333333333333
"NG02_TH00106","netmotss",2
"NG02_TH00105","netmotss",1
"NG02_TH00104","netmotss",1
"NG02_TH00102","netmotss",1
"NG02_TH00101","netmotss",1
"NG02_TH00099","netmotss",1
"NG02_TH00098","netmotss",1
"NG02_TH00096","netmotss",1
"NG02_TH00095","netmotss",1
"NG02_TH00094","netmotss",0.666666666666667
"NG02_TH00092","netmotss",1
"NG02_TH00091","netmotss",1
"NG02_TH00090","netmotss",0.333333333333333
"NG02_TH00086","netmotss",0.5
"NG02_TH00084","netmotss",1
"NG02_TH00083","netmotss",1
"NG02_TH00081","netmotss",0.333333333333333
"NG02_TH00080","netmotss",0.5
"NG02_TH00077","netmotss",1
"NG02_TH00076","netmotss",0.25
"NG02_TH00074","netmotss",0.2
"NG02_TH00071","netmotss",1
"NG02_TH00070","netmotss",2
"NG02_TH00066","netmotss",1
"NG02_TH00065","netmotss",0.75
"NG02_TH00064","netmotss",1
"NG02_TH00062","netmotss",1
"NG02_TH00060","netmotss",1
"NG02_TH00059","netmotss",1
"NG02_TH00058","netmotss",1
"NG02_TH00056","netmotss",0.666666666666667
"NG02_TH00054","netmotss",0.666666666666667
"NG02_TH00053","netmotss",1
"NG02_TH00052","netmotss",0.416666666666667
"NG02_TH00051","netmotss",0.25
"NG02_TH00050","netmotss",1
"NG02_TH00049","netmotss",1
"NG02_TH00048","netmotss",1
"NG02_TH00045","netmotss",0.333333333333333
"NG02_TH00044","netmotss",0.666666666666667
"NG02_TH00040","netmotss",0.5
"NG02_TH00039","netmotss",1
"NG02_TH00038","netmotss",1
"NG02_TH00037","netmotss",0.75
"NG02_TH00036","netmotss",0.333333333333333
"NG02_TH00035","netmotss",0.444444444444444
"NG02_TH00034","netmotss",1
"NG02_TH00033","netmotss",1
"NG02_TH00032","netmotss",1
"NG02_TH00031","netmotss",1
"NG02_TH00029","netmotss",0.5
"NG02_TH00025","netmotss",0.25
"NG02_TH00024","netmotss",1
"NG02_TH00022","netmotss",0.5
"NG02_TH00021","netmotss",0.5
"NG02_TH00020","netmotss",2.5
"NG02_TH00019","netmotss",1.25
"NG02_TH00018","netmotss",1
"NG02_TH00016","netmotss",1
"NG02_TH00014","netmotss",1
"NG02_TH00013","netmotss",0.5
"NG02_TH00012","netmotss",1
"NG02_TH00009","netmotss",0.5
"NG02_TH00007","netmotss",1
"NG02_TH00002","netmotss",0.333333333333333
"NG03_TH02427","netnews",1
"NG03_TH02420","netnews",0.04
"NG03_TH02409","netnews",0.2
"NG03_TH02400","netnews",0.333333333333333
"NG03_TH02398","netnews",1
"NG03_TH02394","netnews",0.166666666666667
"NG03_TH02387","netnews",0.5
"NG03_TH02369","netnews",0.5
"NG03_TH02350","netnews",0.2
"NG03_TH02347","netnews",0.166666666666667
"NG03_TH02340","netnews",0.5
"NG03_TH02317","netnews",0.0303030303030303
"NG03_TH02312","netnews",0.6
"NG03_TH02304","netnews",0.25
"NG03_TH02278","netnews",0.333333333333333
"NG03_TH02277","netnews",0.666666666666667
"NG03_TH02266","netnews",1
"NG03_TH02248","netnews",0.5
"NG03_TH02247","netnews",1
"NG03_TH02244","netnews",1
"NG03_TH02223","netnews",0.285714285714286
"NG03_TH02212","netnews",0.25
"NG03_TH02211","netnews",0.5
"NG03_TH02205","netnews",0.0434782608695652
"NG03_TH02195","netnews",1
"NG03_TH02193","netnews",0.5
"NG03_TH02173","netnews",1
"NG03_TH02140","netnews",1
"NG03_TH02117","netnews",0.2
"NG03_TH02116","netnews",0.075
"NG03_TH02109","netnews",0.05
"NG03_TH02097","netnews",0.1
"NG03_TH02082","netnews",0.0434782608695652
"NG03_TH02023","netnews",0.333333333333333
"NG03_TH02022","netnews",0.2
"NG03_TH02018","netnews",0.157894736842105
"NG03_TH02001","netnews",1
"NG03_TH01995","netnews",1
"NG03_TH01981","netnews",0.285714285714286
"NG03_TH01965","netnews",0.333333333333333
"NG03_TH01958","netnews",0.0714285714285714
"NG03_TH01945","netnews",0.0666666666666667
"NG03_TH01936","netnews",0.333333333333333
"NG03_TH01909","netnews",0.5
"NG03_TH01886","netnews",0.105263157894737
"NG03_TH01881","netnews",1
"NG03_TH01837","netnews",1
"NG03_TH01785","netnews",1
"NG03_TH01780","netnews",0.2
"NG03_TH01761","netnews",0.1
"NG03_TH01757","netnews",0.285714285714286
"NG03_TH01741","netnews",1
"NG03_TH01738","netnews",0.5
"NG03_TH01728","netnews",0.0526315789473684
"NG03_TH01704","netnews",1
"NG03_TH01702","netnews",1
"NG03_TH01692","netnews",1
"NG03_TH01688","netnews",0.181818181818182
"NG03_TH01682","netnews",1
"NG03_TH01675","netnews",1
"NG03_TH01662","netnews",1
"NG03_TH01642","netnews",0.105263157894737
"NG03_TH01602","netnews",1
"NG03_TH01601","netnews",0.0555555555555556
"NG03_TH01579","netnews",1
"NG03_TH01566","netnews",0.111111111111111
"NG03_TH01556","netnews",0.214285714285714
"NG03_TH01537","netnews",0.142857142857143
"NG03_TH01531","netnews",1
"NG03_TH01510","netnews",0.25
"NG03_TH01509","netnews",1
"NG03_TH01502","netnews",0.5
"NG03_TH01501","netnews",1
"NG03_TH01496","netnews",0.5
"NG03_TH01484","netnews",1
"NG03_TH01450","netnews",0.333333333333333
"NG03_TH01442","netnews",0.5
"NG03_TH01440","netnews",1
"NG03_TH01430","netnews",0.333333333333333
"NG03_TH01406","netnews",1
"NG03_TH01398","netnews",1
"NG03_TH01394","netnews",1
"NG03_TH01355","netnews",0.037037037037037
"NG03_TH01341","netnews",0.5
"NG03_TH01294","netnews",1
"NG03_TH01290","netnews",1
"NG03_TH01255","netnews",1
"NG03_TH01247","netnews",1
"NG03_TH01243","netnews",0.333333333333333
"NG03_TH01239","netnews",1
"NG03_TH01223","netnews",1
"NG03_TH01204","netnews",1
"NG03_TH01170","netnews",1
"NG03_TH01168","netnews",0.0833333333333333
"NG03_TH01163","netnews",1
"NG03_TH01151","netnews",1
"NG03_TH01132","netnews",1
"NG03_TH01124","netnews",1
"NG03_TH01072","netnews",1
"NG03_TH01037","netnews",1
"NG03_TH01029","netnews",1
"NG03_TH00936","netnews",1
"NG03_TH00889","netnews",1
"NG03_TH00880","netnews",1
"NG03_TH00877","netnews",0.5
"NG03_TH00875","netnews",1
"NG03_TH00869","netnews",0.5
"NG03_TH00854","netnews",0.2
"NG03_TH00827","netnews",1
"NG03_TH00812","netnews",0.5
"NG03_TH00758","netnews",1
"NG03_TH00727","netnews",1
"NG03_TH00701","netnews",0.5
"NG03_TH00689","netnews",1
"NG03_TH00682","netnews",0.5
"NG03_TH00666","netnews",1
"NG03_TH00658","netnews",0.5
"NG03_TH00642","netnews",1
"NG03_TH00612","netnews",0.333333333333333
"NG03_TH00587","netnews",1
"NG03_TH00586","netnews",0.25
"NG03_TH00570","netnews",0.5
"NG03_TH00567","netnews",0.2
"NG03_TH00566","netnews",1
"NG03_TH00558","netnews",1
"NG03_TH00545","netnews",0.5
"NG03_TH00543","netnews",0.5
"NG03_TH00540","netnews",0.5
"NG03_TH00537","netnews",1
"NG03_TH00535","netnews",1
"NG03_TH00499","netnews",1
"NG03_TH00491","netnews",1
"NG03_TH00458","netnews",0.333333333333333
"NG03_TH00432","netnews",0.5
"NG03_TH00382","netnews",1
"NG03_TH00354","netnews",1
"NG03_TH00225","netnews",1
"NG03_TH00219","netnews",0.333333333333333
"NG03_TH00066","netnews",1
"NG03_TH00065","netnews",0.5
"NG03_TH00063","netnews",1
"NG04_TH04126","netpolitics",0.2
"NG04_TH04123","netpolitics",0.111111111111111
"NG04_TH04116","netpolitics",0.5
"NG04_TH04112","netpolitics",0.0555555555555556
"NG04_TH04111","netpolitics",0.428571428571429
"NG04_TH04109","netpolitics",0.5
"NG04_TH04091","netpolitics",0.277777777777778
"NG04_TH04080","netpolitics",1
"NG04_TH04077","netpolitics",0.0181818181818182
"NG04_TH04073","netpolitics",0.142857142857143
"NG04_TH04067","netpolitics",0.0204081632653061
"NG04_TH04055","netpolitics",0.0666666666666667
"NG04_TH04040","netpolitics",1
"NG04_TH04025","netpolitics",0.04
"NG04_TH04021","netpolitics",0.125
"NG04_TH04012","netpolitics",0.142857142857143
"NG04_TH04009","netpolitics",0.0833333333333333
"NG04_TH04007","netpolitics",0.0833333333333333
"NG04_TH03999","netpolitics",1
"NG04_TH03997","netpolitics",0.1
"NG04_TH03987","netpolitics",0.03125
"NG04_TH03978","netpolitics",0.0333333333333333
"NG04_TH03942","netpolitics",0.5
"NG04_TH03934","netpolitics",0.166666666666667
"NG04_TH03921","netpolitics",1
"NG04_TH03914","netpolitics",0.0444444444444444
"NG04_TH03898","netpolitics",0.428571428571429
"NG04_TH03887","netpolitics",1
"NG04_TH03884","netpolitics",1
"NG04_TH03851","netpolitics",1
"NG04_TH03842","netpolitics",1
"NG04_TH03824","netpolitics",0.0793650793650794
"NG04_TH03812","netpolitics",0.02
"NG04_TH03808","netpolitics",0.0384615384615385
"NG04_TH03806","netpolitics",0.111111111111111
"NG04_TH03801","netpolitics",0.111111111111111
"NG04_TH03776","netpolitics",0.333333333333333
"NG04_TH03768","netpolitics",0.0869565217391304
"NG04_TH03761","netpolitics",0.03
"NG04_TH03759","netpolitics",0.151515151515152
"NG04_TH03748","netpolitics",2
"NG04_TH03733","netpolitics",2
"NG04_TH03727","netpolitics",0.5
"NG04_TH03726","netpolitics",0.333333333333333
"NG04_TH03724","netpolitics",0.105263157894737
"NG04_TH03723","netpolitics",1
"NG04_TH03718","netpolitics",0.2
"NG04_TH03714","netpolitics",0.75
"NG04_TH03713","netpolitics",1
"NG04_TH03710","netpolitics",0.5
"NG04_TH03709","netpolitics",1
"NG04_TH03700","netpolitics",0.28
"NG04_TH03686","netpolitics",1
"NG04_TH03650","netpolitics",1
"NG04_TH03613","netpolitics",0.25
"NG04_TH03608","netpolitics",0.26
"NG04_TH03597","netpolitics",0.769230769230769
"NG04_TH03592","netpolitics",0.166666666666667
"NG04_TH03560","netpolitics",0.133333333333333
"NG04_TH03558","netpolitics",0.75
"NG04_TH03543","netpolitics",0.25
"NG04_TH03541","netpolitics",2
"NG04_TH03531","netpolitics",0.5
"NG04_TH03527","netpolitics",0.0131578947368421
"NG04_TH03525","netpolitics",0.2
"NG04_TH03524","netpolitics",1
"NG04_TH03511","netpolitics",1
"NG04_TH03503","netpolitics",0.5
"NG04_TH03500","netpolitics",1
"NG04_TH03483","netpolitics",0.3
"NG04_TH03471","netpolitics",0.333333333333333
"NG04_TH03455","netpolitics",0.0555555555555556
"NG04_TH03447","netpolitics",1
"NG04_TH03441","netpolitics",0.333333333333333
"NG04_TH03440","netpolitics",2
"NG04_TH03430","netpolitics",0.0384615384615385
"NG04_TH03427","netpolitics",0.333333333333333
"NG04_TH03418","netpolitics",0.333333333333333
"NG04_TH03417","netpolitics",0.1
"NG04_TH03414","netpolitics",0.13953488372093
"NG04_TH03407","netpolitics",0.0833333333333333
"NG04_TH03406","netpolitics",0.5
"NG04_TH03386","netpolitics",1
"NG04_TH03383","netpolitics",1
"NG04_TH03379","netpolitics",1
"NG04_TH03372","netpolitics",1
"NG04_TH03371","netpolitics",0.25
"NG04_TH03336","netpolitics",1
"NG04_TH03332","netpolitics",0.25
"NG04_TH03310","netpolitics",0.0909090909090909
"NG04_TH03294","netpolitics",0.333333333333333
"NG04_TH03285","netpolitics",0.024390243902439
"NG04_TH03261","netpolitics",1
"NG04_TH03253","netpolitics",0.222222222222222
"NG04_TH03244","netpolitics",0.428571428571429
"NG04_TH03242","netpolitics",0.25
"NG04_TH03239","netpolitics",0.2
"NG04_TH03237","netpolitics",0.04
"NG04_TH03235","netpolitics",0.666666666666667
"NG04_TH03214","netpolitics",1
"NG04_TH03211","netpolitics",0.538461538461538
"NG04_TH03207","netpolitics",0.75
"NG04_TH03206","netpolitics",0.0392156862745098
"NG04_TH03202","netpolitics",1
"NG04_TH03200","netpolitics",1
"NG04_TH03186","netpolitics",0.5
"NG04_TH03175","netpolitics",0.46
"NG04_TH03172","netpolitics",1
"NG04_TH03161","netpolitics",0.0222222222222222
"NG04_TH03157","netpolitics",0.5
"NG04_TH03153","netpolitics",0.5
"NG04_TH03139","netpolitics",1
"NG04_TH03135","netpolitics",0.0333333333333333
"NG04_TH03133","netpolitics",0.4
"NG04_TH03127","netpolitics",0.0277777777777778
"NG04_TH03122","netpolitics",0.333333333333333
"NG04_TH03118","netpolitics",0.0263157894736842
"NG04_TH03098","netpolitics",0.333333333333333
"NG04_TH03097","netpolitics",1
"NG04_TH03093","netpolitics",0.5
"NG04_TH03092","netpolitics",2
"NG04_TH03089","netpolitics",0.5
"NG04_TH03083","netpolitics",1
"NG04_TH03079","netpolitics",0.4
"NG04_TH03075","netpolitics",0.611111111111111
"NG04_TH03073","netpolitics",0.0204081632653061
"NG04_TH03070","netpolitics",0.4
"NG04_TH03069","netpolitics",0.5
"NG04_TH03067","netpolitics",0.333333333333333
"NG04_TH03066","netpolitics",0.25
"NG04_TH03049","netpolitics",0.0909090909090909
"NG04_TH03046","netpolitics",1
"NG04_TH03034","netpolitics",0.166666666666667
"NG04_TH03006","netpolitics",0.5
"NG04_TH02996","netpolitics",1
"NG04_TH02989","netpolitics",0.222222222222222
"NG04_TH02988","netpolitics",1
"NG04_TH02986","netpolitics",0.5
"NG04_TH02981","netpolitics",0.333333333333333
"NG04_TH02972","netpolitics",0.0769230769230769
"NG04_TH02970","netpolitics",0.333333333333333
"NG04_TH02966","netpolitics",2
"NG04_TH02954","netpolitics",1
"NG04_TH02951","netpolitics",0.0384615384615385
"NG04_TH02940","netpolitics",0.2
"NG04_TH02929","netpolitics",1
"NG04_TH02926","netpolitics",0.0434782608695652
"NG04_TH02920","netpolitics",0.166666666666667
"NG04_TH02906","netpolitics",0.285714285714286
"NG04_TH02900","netpolitics",0.142857142857143
"NG04_TH02892","netpolitics",0.5
"NG04_TH02885","netpolitics",0.5
"NG04_TH02882","netpolitics",1
"NG04_TH02833","netpolitics",0.115384615384615
"NG04_TH02788","netpolitics",0.461538461538462
"NG04_TH02778","netpolitics",0.333333333333333
"NG04_TH02756","netpolitics",0.2
"NG04_TH02754","netpolitics",0.0967741935483871
"NG04_TH02747","netpolitics",1
"NG04_TH02730","netpolitics",0.2
"NG04_TH02712","netpolitics",0.545454545454545
"NG04_TH02707","netpolitics",0.333333333333333
"NG04_TH02695","netpolitics",1
"NG04_TH02694","netpolitics",1
"NG04_TH02653","netpolitics",0.0909090909090909
"NG04_TH02643","netpolitics",0.363636363636364
"NG04_TH02624","netpolitics",0.111111111111111
"NG04_TH02620","netpolitics",1
"NG04_TH02619","netpolitics",0.666666666666667
"NG04_TH02618","netpolitics",1
"NG04_TH02604","netpolitics",1
"NG04_TH02603","netpolitics",1
"NG04_TH02590","netpolitics",0.666666666666667
"NG04_TH02578","netpolitics",0.666666666666667
"NG04_TH02568","netpolitics",1
"NG04_TH02562","netpolitics",1
"NG04_TH02561","netpolitics",0.333333333333333
"NG04_TH02551","netpolitics",1
"NG04_TH02544","netpolitics",1
"NG04_TH02538","netpolitics",0.0392156862745098
"NG04_TH02534","netpolitics",0.0714285714285714
"NG04_TH02527","netpolitics",0.5
"NG04_TH02520","netpolitics",0.25
"NG04_TH02516","netpolitics",0.0555555555555556
"NG04_TH02506","netpolitics",0.0526315789473684
"NG04_TH02478","netpolitics",0.0357142857142857
"NG04_TH02475","netpolitics",0.4
"NG04_TH02463","netpolitics",1
"NG04_TH02432","netpolitics",0.03
"NG04_TH02425","netpolitics",1.33333333333333
"NG04_TH02423","netpolitics",1
"NG04_TH02379","netpolitics",2
"NG04_TH02378","netpolitics",1
"NG04_TH02373","netpolitics",0.0588235294117647
"NG04_TH02369","netpolitics",0.0833333333333333
"NG04_TH02359","netpolitics",0.04
"NG04_TH02357","netpolitics",1
"NG04_TH02335","netpolitics",1
"NG04_TH02332","netpolitics",0.5
"NG04_TH02321","netpolitics",0.222222222222222
"NG04_TH02313","netpolitics",0.333333333333333
"NG04_TH02293","netpolitics",1
"NG04_TH02291","netpolitics",0.75
"NG04_TH02286","netpolitics",0.5
"NG04_TH02285","netpolitics",0.0909090909090909
"NG04_TH02272","netpolitics",0.428571428571429
"NG04_TH02269","netpolitics",0.75
"NG04_TH02267","netpolitics",1
"NG04_TH02265","netpolitics",1
"NG04_TH02257","netpolitics",0.0769230769230769
"NG04_TH02252","netpolitics",1
"NG04_TH02248","netpolitics",0.5
"NG04_TH02246","netpolitics",0.8
"NG04_TH02242","netpolitics",1
"NG04_TH02225","netpolitics",2
"NG04_TH02210","netpolitics",0.272727272727273
"NG04_TH02207","netpolitics",1
"NG04_TH02204","netpolitics",0.25
"NG04_TH02199","netpolitics",0.0285714285714286
"NG04_TH02197","netpolitics",1
"NG04_TH02195","netpolitics",1.5
"NG04_TH02189","netpolitics",0.214285714285714
"NG04_TH02184","netpolitics",1
"NG04_TH02166","netpolitics",1
"NG04_TH02165","netpolitics",0.4
"NG04_TH02159","netpolitics",0.5
"NG04_TH02156","netpolitics",1
"NG04_TH02136","netpolitics",1
"NG04_TH02134","netpolitics",1
"NG04_TH02130","netpolitics",1
"NG04_TH02129","netpolitics",1
"NG04_TH02128","netpolitics",1
"NG04_TH02127","netpolitics",0.0769230769230769
"NG04_TH02100","netpolitics",0.333333333333333
"NG04_TH02095","netpolitics",1
"NG04_TH02090","netpolitics",0.25
"NG04_TH02088","netpolitics",0.5
"NG04_TH02082","netpolitics",0.333333333333333
"NG04_TH02061","netpolitics",0.5
"NG04_TH02047","netpolitics",0.333333333333333
"NG04_TH01996","netpolitics",0.333333333333333
"NG04_TH01985","netpolitics",1
"NG04_TH01975","netpolitics",1
"NG04_TH01964","netpolitics",1
"NG04_TH01960","netpolitics",1
"NG04_TH01954","netpolitics",1
"NG04_TH01930","netpolitics",1
"NG04_TH01926","netpolitics",1
"NG04_TH01905","netpolitics",0.285714285714286
"NG04_TH01882","netpolitics",0.0434782608695652
"NG04_TH01844","netpolitics",0.0714285714285714
"NG04_TH01825","netpolitics",0.0909090909090909
"NG04_TH01789","netpolitics",1
"NG04_TH01786","netpolitics",0.333333333333333
"NG04_TH01784","netpolitics",0.142857142857143
"NG04_TH01777","netpolitics",0.3
"NG04_TH01748","netpolitics",0.125
"NG04_TH01744","netpolitics",0.230769230769231
"NG04_TH01733","netpolitics",0.333333333333333
"NG04_TH01732","netpolitics",0.166666666666667
"NG04_TH01729","netpolitics",0.166666666666667
"NG04_TH01723","netpolitics",1
"NG04_TH01722","netpolitics",1
"NG04_TH01706","netpolitics",1
"NG04_TH01667","netpolitics",1
"NG04_TH01651","netpolitics",1
"NG04_TH01649","netpolitics",0.2
"NG04_TH01618","netpolitics",1
"NG04_TH01590","netpolitics",1
"NG04_TH01542","netpolitics",0.8
"NG04_TH01540","netpolitics",0.333333333333333
"NG04_TH01534","netpolitics",0.333333333333333
"NG04_TH01526","netpolitics",1
"NG04_TH01523","netpolitics",0.3
"NG04_TH01472","netpolitics",0.5
"NG04_TH01435","netpolitics",0.5
"NG04_TH01425","netpolitics",0.111111111111111
"NG04_TH01421","netpolitics",0.142857142857143
"NG04_TH01414","netpolitics",0.25
"NG04_TH01412","netpolitics",0.5
"NG04_TH01406","netpolitics",0.333333333333333
"NG04_TH01389","netpolitics",1
"NG04_TH01384","netpolitics",1
"NG04_TH01356","netpolitics",0.857142857142857
"NG04_TH01355","netpolitics",1
"NG04_TH01351","netpolitics",1
"NG04_TH01344","netpolitics",1
"NG04_TH01297","netpolitics",1
"NG04_TH01288","netpolitics",1
"NG04_TH01280","netpolitics",1
"NG04_TH01212","netpolitics",0.2
"NG04_TH01211","netpolitics",0.333333333333333
"NG04_TH01188","netpolitics",0.5
"NG04_TH01179","netpolitics",1
"NG04_TH01044","netpolitics",0.333333333333333
"NG04_TH01035","netpolitics",0.0212765957446809
"NG04_TH01034","netpolitics",1
"NG04_TH00969","netpolitics",0.166666666666667
"NG04_TH00929","netpolitics",0.0833333333333333
"NG04_TH00883","netpolitics",1
"NG04_TH00804","netpolitics",0.5
"NG04_TH00776","netpolitics",1
"NG04_TH00765","netpolitics",0.4
"NG04_TH00733","netpolitics",0.666666666666667
"NG04_TH00720","netpolitics",0.5
"NG04_TH00717","netpolitics",0.333333333333333
"NG04_TH00685","netpolitics",0.333333333333333
"NG04_TH00664","netpolitics",0.5
"NG04_TH00644","netpolitics",1
"NG04_TH00643","netpolitics",1
"NG04_TH00636","netpolitics",0.5
"NG04_TH00633","netpolitics",0.125
"NG04_TH00627","netpolitics",1
"NG04_TH00626","netpolitics",0.5
"NG04_TH00618","netpolitics",1
"NG04_TH00612","netpolitics",1
"NG04_TH00611","netpolitics",1
"NG04_TH00595","netpolitics",0.5
"NG04_TH00589","netpolitics",0.333333333333333
"NG04_TH00579","netpolitics",0.1
"NG04_TH00539","netpolitics",1
"NG04_TH00489","netpolitics",1
"NG04_TH00483","netpolitics",1
"NG04_TH00474","netpolitics",1
"NG04_TH00421","netpolitics",0.25
"NG04_TH00420","netpolitics",0.111111111111111
"NG04_TH00415","netpolitics",0.142857142857143
"NG04_TH00394","netpolitics",1
"NG04_TH00385","netpolitics",0.9
"NG04_TH00383","netpolitics",1
"NG04_TH00374","netpolitics",1
"NG04_TH00370","netpolitics",1
"NG04_TH00365","netpolitics",0.666666666666667
"NG04_TH00360","netpolitics",0.5
"NG04_TH00343","netpolitics",0.333333333333333
"NG04_TH00333","netpolitics",0.166666666666667
"NG04_TH00329","netpolitics",0.0769230769230769
"NG04_TH00301","netpolitics",1
"NG04_TH00286","netpolitics",0.5
"NG04_TH00267","netpolitics",0.0833333333333333
"NG04_TH00250","netpolitics",1
"NG04_TH00223","netpolitics",0.0833333333333333
"NG04_TH00194","netpolitics",1
"NG04_TH00170","netpolitics",0.2
"NG04_TH00148","netpolitics",0.5
"NG04_TH00124","netpolitics",1
"NG04_TH00098","netpolitics",0.333333333333333
"NG04_TH00079","netpolitics",1
"NG04_TH00061","netpolitics",1
"NG04_TH00060","netpolitics",1
"NG04_TH00023","netpolitics",1
"NG05_TH03040","netreligion",0.111111111111111
"NG05_TH03037","netreligion",0.0714285714285714
"NG05_TH03026","netreligion",1
"NG05_TH03020","netreligion",0.428571428571429
"NG05_TH03017","netreligion",1
"NG05_TH03007","netreligion",0.6
"NG05_TH02987","netreligion",0.333333333333333
"NG05_TH02985","netreligion",0.5
"NG05_TH02980","netreligion",0.5
"NG05_TH02969","netreligion",0.166666666666667
"NG05_TH02966","netreligion",0.5
"NG05_TH02958","netreligion",0.166666666666667
"NG05_TH02951","netreligion",0.125
"NG05_TH02947","netreligion",0.666666666666667
"NG05_TH02940","netreligion",0.0833333333333333
"NG05_TH02928","netreligion",0.333333333333333
"NG05_TH02927","netreligion",0.0909090909090909
"NG05_TH02924","netreligion",0.0714285714285714
"NG05_TH02918","netreligion",0.27
"NG05_TH02917","netreligion",0.25
"NG05_TH02913","netreligion",0.0740740740740741
"NG05_TH02905","netreligion",1
"NG05_TH02889","netreligion",0.125
"NG05_TH02885","netreligion",0.666666666666667
"NG05_TH02877","netreligion",0.5
"NG05_TH02873","netreligion",0.0303030303030303
"NG05_TH02863","netreligion",0.285714285714286
"NG05_TH02851","netreligion",1
"NG05_TH02841","netreligion",0.666666666666667
"NG05_TH02837","netreligion",0.222222222222222
"NG05_TH02836","netreligion",0.285714285714286
"NG05_TH02828","netreligion",1
"NG05_TH02826","netreligion",1
"NG05_TH02823","netreligion",0.333333333333333
"NG05_TH02820","netreligion",0.5
"NG05_TH02815","netreligion",1
"NG05_TH02813","netreligion",0.5
"NG05_TH02811","netreligion",0.5
"NG05_TH02805","netreligion",1
"NG05_TH02803","netreligion",0.333333333333333
"NG05_TH02801","netreligion",0.08
"NG05_TH02775","netreligion",0.333333333333333
"NG05_TH02770","netreligion",0.1
"NG05_TH02761","netreligion",1
"NG05_TH02754","netreligion",0.5
"NG05_TH02748","netreligion",0.666666666666667
"NG05_TH02745","netreligion",1
"NG05_TH02743","netreligion",0.0769230769230769
"NG05_TH02737","netreligion",1
"NG05_TH02733","netreligion",1
"NG05_TH02732","netreligion",1
"NG05_TH02727","netreligion",0.2
"NG05_TH02724","netreligion",1
"NG05_TH02719","netreligion",0.0384615384615385
"NG05_TH02716","netreligion",0.5
"NG05_TH02692","netreligion",1
"NG05_TH02691","netreligion",1
"NG05_TH02689","netreligion",1
"NG05_TH02686","netreligion",1
"NG05_TH02674","netreligion",0.142857142857143
"NG05_TH02669","netreligion",0.5
"NG05_TH02667","netreligion",2
"NG05_TH02663","netreligion",1
"NG05_TH02662","netreligion",0.5
"NG05_TH02650","netreligion",1
"NG05_TH02644","netreligion",1
"NG05_TH02640","netreligion",2
"NG05_TH02639","netreligion",0.5
"NG05_TH02623","netreligion",0.03125
"NG05_TH02620","netreligion",1
"NG05_TH02617","netreligion",1
"NG05_TH02614","netreligion",1
"NG05_TH02609","netreligion",1
"NG05_TH02608","netreligion",1
"NG05_TH02591","netreligion",1
"NG05_TH02589","netreligion",2
"NG05_TH02586","netreligion",0.166666666666667
"NG05_TH02585","netreligion",1
"NG05_TH02583","netreligion",1
"NG05_TH02546","netreligion",0.25
"NG05_TH02545","netreligion",1
"NG05_TH02541","netreligion",1
"NG05_TH02540","netreligion",0.4
"NG05_TH02536","netreligion",1
"NG05_TH02532","netreligion",0.125
"NG05_TH02528","netreligion",0.111111111111111
"NG05_TH02522","netreligion",1
"NG05_TH02521","netreligion",0.333333333333333
"NG05_TH02520","netreligion",0.666666666666667
"NG05_TH02517","netreligion",3
"NG05_TH02516","netreligion",0.333333333333333
"NG05_TH02515","netreligion",2
"NG05_TH02514","netreligion",1
"NG05_TH02500","netreligion",2
"NG05_TH02493","netreligion",1
"NG05_TH02491","netreligion",1
"NG05_TH02488","netreligion",0.0769230769230769
"NG05_TH02487","netreligion",1
"NG05_TH02477","netreligion",0.4
"NG05_TH02468","netreligion",0.333333333333333
"NG05_TH02467","netreligion",0.5
"NG05_TH02463","netreligion",1
"NG05_TH02462","netreligion",0.384615384615385
"NG05_TH02456","netreligion",1
"NG05_TH02455","netreligion",0.272727272727273
"NG05_TH02449","netreligion",0.666666666666667
"NG05_TH02444","netreligion",0.1
"NG05_TH02439","netreligion",0.11864406779661
"NG05_TH02438","netreligion",0.857142857142857
"NG05_TH02420","netreligion",0.111111111111111
"NG05_TH02418","netreligion",1
"NG05_TH02417","netreligion",0.833333333333333
"NG05_TH02415","netreligion",1
"NG05_TH02411","netreligion",0.25
"NG05_TH02406","netreligion",1
"NG05_TH02387","netreligion",0.5
"NG05_TH02383","netreligion",0.125
"NG05_TH02378","netreligion",0.16
"NG05_TH02377","netreligion",1
"NG05_TH02368","netreligion",0.0476190476190476
"NG05_TH02358","netreligion",1
"NG05_TH02346","netreligion",0.8
"NG05_TH02342","netreligion",0.5
"NG05_TH02341","netreligion",0.571428571428571
"NG05_TH02310","netreligion",0.166666666666667
"NG05_TH02309","netreligion",0.5
"NG05_TH02261","netreligion",0.285714285714286
"NG05_TH02227","netreligion",0.333333333333333
"NG05_TH02223","netreligion",1
"NG05_TH02217","netreligion",0.5
"NG05_TH02215","netreligion",0.636363636363636
"NG05_TH02214","netreligion",1
"NG05_TH02213","netreligion",0.5
"NG05_TH02203","netreligion",0.25
"NG05_TH02196","netreligion",1
"NG05_TH02193","netreligion",1
"NG05_TH02188","netreligion",0.25
"NG05_TH02182","netreligion",1
"NG05_TH02179","netreligion",1
"NG05_TH02131","netreligion",0.25
"NG05_TH02127","netreligion",1
"NG05_TH02119","netreligion",0.5
"NG05_TH02112","netreligion",0.625
"NG05_TH02106","netreligion",0.0444444444444444
"NG05_TH02091","netreligion",1
"NG05_TH02087","netreligion",0.5
"NG05_TH02083","netreligion",0.333333333333333
"NG05_TH02079","netreligion",0.5
"NG05_TH02067","netreligion",0.5
"NG05_TH02059","netreligion",0.333333333333333
"NG05_TH02043","netreligion",0.333333333333333
"NG05_TH02040","netreligion",1
"NG05_TH02034","netreligion",1
"NG05_TH02033","netreligion",0.285714285714286
"NG05_TH02032","netreligion",0.5
"NG05_TH02031","netreligion",0.166666666666667
"NG05_TH02023","netreligion",0.866666666666667
"NG05_TH02022","netreligion",1
"NG05_TH01998","netreligion",0.5
"NG05_TH01996","netreligion",0.666666666666667
"NG05_TH01993","netreligion",0.272727272727273
"NG05_TH01982","netreligion",0.111111111111111
"NG05_TH01969","netreligion",0.025
"NG05_TH01958","netreligion",0.142857142857143
"NG05_TH01952","netreligion",0.5
"NG05_TH01937","netreligion",0.5
"NG05_TH01926","netreligion",1
"NG05_TH01923","netreligion",0.0555555555555556
"NG05_TH01919","netreligion",0.666666666666667
"NG05_TH01912","netreligion",1
"NG05_TH01910","netreligion",1
"NG05_TH01908","netreligion",1
"NG05_TH01900","netreligion",0.5
"NG05_TH01894","netreligion",1
"NG05_TH01888","netreligion",1
"NG05_TH01885","netreligion",0.775510204081633
"NG05_TH01879","netreligion",0.5
"NG05_TH01871","netreligion",0.31578947368421
"NG05_TH01863","netreligion",1
"NG05_TH01861","netreligion",1
"NG05_TH01859","netreligion",0.666666666666667
"NG05_TH01858","netreligion",1
"NG05_TH01842","netreligion",0.5
"NG05_TH01833","netreligion",0.5
"NG05_TH01832","netreligion",1
"NG05_TH01823","netreligion",0.157894736842105
"NG05_TH01820","netreligion",1
"NG05_TH01819","netreligion",0.0666666666666667
"NG05_TH01816","netreligion",0.333333333333333
"NG05_TH01814","netreligion",1
"NG05_TH01813","netreligion",1
"NG05_TH01809","netreligion",1
"NG05_TH01808","netreligion",1
"NG05_TH01800","netreligion",1
"NG05_TH01797","netreligion",3
"NG05_TH01795","netreligion",1
"NG05_TH01793","netreligion",0.0909090909090909
"NG05_TH01792","netreligion",1
"NG05_TH01787","netreligion",1
"NG05_TH01786","netreligion",1
"NG05_TH01783","netreligion",0.666666666666667
"NG05_TH01779","netreligion",1
"NG05_TH01771","netreligion",1
"NG05_TH01768","netreligion",1
"NG05_TH01765","netreligion",1
"NG05_TH01761","netreligion",1
"NG05_TH01759","netreligion",1
"NG05_TH01757","netreligion",1
"NG05_TH01755","netreligion",0.0588235294117647
"NG05_TH01754","netreligion",1
"NG05_TH01752","netreligion",1
"NG05_TH01750","netreligion",1
"NG05_TH01748","netreligion",0.4
"NG05_TH01747","netreligion",0.5
"NG05_TH01746","netreligion",1
"NG05_TH01743","netreligion",4
"NG05_TH01742","netreligion",1
"NG05_TH01732","netreligion",0.111111111111111
"NG05_TH01726","netreligion",1
"NG05_TH01725","netreligion",1
"NG05_TH01724","netreligion",0.344827586206897
"NG05_TH01718","netreligion",1.71428571428571
"NG05_TH01717","netreligion",0.142857142857143
"NG05_TH01709","netreligion",0.5
"NG05_TH01704","netreligion",1
"NG05_TH01693","netreligion",0.166666666666667
"NG05_TH01690","netreligion",0.307692307692308
"NG05_TH01686","netreligion",0.0909090909090909
"NG05_TH01668","netreligion",0.333333333333333
"NG05_TH01667","netreligion",1
"NG05_TH01658","netreligion",0.166666666666667
"NG05_TH01649","netreligion",0.25
"NG05_TH01631","netreligion",0.285714285714286
"NG05_TH01627","netreligion",0.5
"NG05_TH01626","netreligion",0.25
"NG05_TH01625","netreligion",0.5
"NG05_TH01624","netreligion",1
"NG05_TH01621","netreligion",0.2
"NG05_TH01619","netreligion",1
"NG05_TH01617","netreligion",1
"NG05_TH01616","netreligion",1
"NG05_TH01609","netreligion",1
"NG05_TH01596","netreligion",1
"NG05_TH01595","netreligion",1
"NG05_TH01594","netreligion",0.5
"NG05_TH01590","netreligion",0.5
"NG05_TH01589","netreligion",1
"NG05_TH01587","netreligion",0.5
"NG05_TH01577","netreligion",0.166666666666667
"NG05_TH01572","netreligion",0.5
"NG05_TH01571","netreligion",0.5
"NG05_TH01570","netreligion",0.285714285714286
"NG05_TH01568","netreligion",1
"NG05_TH01565","netreligion",1
"NG05_TH01564","netreligion",0.25
"NG05_TH01550","netreligion",1
"NG05_TH01537","netreligion",1
"NG05_TH01531","netreligion",1
"NG05_TH01528","netreligion",0.5
"NG05_TH01502","netreligion",0.333333333333333
"NG05_TH01493","netreligion",0.2
"NG05_TH01477","netreligion",0.5
"NG05_TH01475","netreligion",0.5
"NG05_TH01466","netreligion",1
"NG05_TH01446","netreligion",0.0769230769230769
"NG05_TH01421","netreligion",0.5
"NG05_TH01418","netreligion",0.333333333333333
"NG05_TH01414","netreligion",0.333333333333333
"NG05_TH01394","netreligion",0.2
"NG05_TH01392","netreligion",0.0714285714285714
"NG05_TH01387","netreligion",0.142857142857143
"NG05_TH01385","netreligion",0.333333333333333
"NG05_TH01382","netreligion",0.25
"NG05_TH01377","netreligion",1
"NG05_TH01362","netreligion",1
"NG05_TH01326","netreligion",0.25
"NG05_TH01315","netreligion",0.25
"NG05_TH01298","netreligion",2
"NG05_TH01276","netreligion",0.5
"NG05_TH01262","netreligion",1
"NG05_TH01259","netreligion",0.142857142857143
"NG05_TH01257","netreligion",0.166666666666667
"NG05_TH01246","netreligion",0.333333333333333
"NG05_TH01228","netreligion",1
"NG05_TH01226","netreligion",0.5
"NG05_TH01210","netreligion",0.5
"NG05_TH01208","netreligion",1
"NG05_TH01174","netreligion",0.5
"NG05_TH01162","netreligion",0.166666666666667
"NG05_TH01114","netreligion",0.2
"NG05_TH01093","netreligion",1
"NG05_TH01092","netreligion",1
"NG05_TH01091","netreligion",1
"NG05_TH01085","netreligion",1
"NG05_TH01072","netreligion",0.166666666666667
"NG05_TH01062","netreligion",0.5
"NG05_TH01044","netreligion",1
"NG05_TH01038","netreligion",0.333333333333333
"NG05_TH01036","netreligion",0.75
"NG05_TH01019","netreligion",1
"NG05_TH01017","netreligion",1
"NG05_TH01014","netreligion",0.75
"NG05_TH01010","netreligion",0.5
"NG05_TH01009","netreligion",0.75
"NG05_TH01008","netreligion",1
"NG05_TH01003","netreligion",0.5
"NG05_TH00994","netreligion",1
"NG05_TH00992","netreligion",0.333333333333333
"NG05_TH00986","netreligion",1
"NG05_TH00982","netreligion",1
"NG05_TH00980","netreligion",0.25
"NG05_TH00978","netreligion",0.2
"NG05_TH00977","netreligion",0.2
"NG05_TH00960","netreligion",0.5
"NG05_TH00959","netreligion",0.4
"NG05_TH00950","netreligion",0.142857142857143
"NG05_TH00941","netreligion",1
"NG05_TH00936","netreligion",0.75
"NG05_TH00930","netreligion",1
"NG05_TH00922","netreligion",0.5
"NG05_TH00911","netreligion",0.5
"NG05_TH00905","netreligion",0.125
"NG05_TH00902","netreligion",0.2
"NG05_TH00901","netreligion",0.5
"NG05_TH00900","netreligion",0.5
"NG05_TH00893","netreligion",0.5
"NG05_TH00889","netreligion",0.5
"NG05_TH00880","netreligion",1
"NG05_TH00878","netreligion",0.666666666666667
"NG05_TH00872","netreligion",0.1
"NG05_TH00853","netreligion",1
"NG05_TH00850","netreligion",1
"NG05_TH00842","netreligion",1
"NG05_TH00841","netreligion",1
"NG05_TH00840","netreligion",2
"NG05_TH00837","netreligion",0.117647058823529
"NG05_TH00836","netreligion",0.6
"NG05_TH00832","netreligion",0.5
"NG05_TH00831","netreligion",2.33333333333333
"NG05_TH00830","netreligion",1
"NG05_TH00828","netreligion",1
"NG05_TH00827","netreligion",2
"NG05_TH00819","netreligion",0.933333333333333
"NG05_TH00811","netreligion",1
"NG05_TH00810","netreligion",0.0714285714285714
"NG05_TH00807","netreligion",1
"NG05_TH00806","netreligion",1
"NG05_TH00783","netreligion",0.25
"NG05_TH00781","netreligion",1
"NG05_TH00778","netreligion",1
"NG05_TH00769","netreligion",1
"NG05_TH00756","netreligion",1
"NG05_TH00755","netreligion",0.222222222222222
"NG05_TH00749","netreligion",0.5
"NG05_TH00745","netreligion",0.333333333333333
"NG05_TH00743","netreligion",0.5
"NG05_TH00742","netreligion",1
"NG05_TH00735","netreligion",0.25
"NG05_TH00733","netreligion",1
"NG05_TH00725","netreligion",1
"NG05_TH00723","netreligion",0.666666666666667
"NG05_TH00721","netreligion",0.111111111111111
"NG05_TH00720","netreligion",0.5
"NG05_TH00718","netreligion",0.5
"NG05_TH00713","netreligion",1
"NG05_TH00706","netreligion",0.5
"NG05_TH00705","netreligion",1
"NG05_TH00703","netreligion",0.333333333333333
"NG05_TH00702","netreligion",1
"NG05_TH00701","netreligion",1
"NG05_TH00698","netreligion",1
"NG05_TH00686","netreligion",1
"NG05_TH00679","netreligion",1
"NG05_TH00678","netreligion",1
"NG05_TH00674","netreligion",1
"NG05_TH00670","netreligion",0.5
"NG05_TH00667","netreligion",1
"NG05_TH00656","netreligion",1
"NG05_TH00650","netreligion",0.333333333333333
"NG05_TH00607","netreligion",1
"NG05_TH00595","netreligion",1
"NG05_TH00591","netreligion",0.666666666666667
"NG05_TH00583","netreligion",1
"NG05_TH00571","netreligion",0.333333333333333
"NG05_TH00562","netreligion",1
"NG05_TH00558","netreligion",1
"NG05_TH00549","netreligion",1
"NG05_TH00548","netreligion",1
"NG05_TH00547","netreligion",1
"NG05_TH00544","netreligion",1
"NG05_TH00543","netreligion",1
"NG05_TH00539","netreligion",0.5
"NG05_TH00537","netreligion",1
"NG05_TH00532","netreligion",1
"NG05_TH00529","netreligion",1
"NG05_TH00511","netreligion",1
"NG05_TH00507","netreligion",1
"NG05_TH00500","netreligion",1
"NG05_TH00495","netreligion",0.111111111111111
"NG05_TH00488","netreligion",0.5
"NG05_TH00476","netreligion",0.5
"NG05_TH00459","netreligion",0.1
"NG05_TH00451","netreligion",1
"NG05_TH00439","netreligion",1
"NG05_TH00431","netreligion",0.25
"NG05_TH00401","netreligion",1
"NG05_TH00383","netreligion",1
"NG05_TH00375","netreligion",0.166666666666667
"NG05_TH00360","netreligion",0.25
"NG05_TH00355","netreligion",0.666666666666667
"NG05_TH00320","netreligion",1
"NG05_TH00291","netreligion",1
"NG05_TH00248","netreligion",1
"NG05_TH00239","netreligion",0.6
"NG05_TH00221","netreligion",1
"NG05_TH00220","netreligion",0.5
"NG05_TH00216","netreligion",0.333333333333333
"NG05_TH00214","netreligion",0.5
"NG05_TH00187","netreligion",1
"NG05_TH00185","netreligion",1
"NG05_TH00156","netreligion",0.25
"NG05_TH00152","netreligion",1
"NG05_TH00146","netreligion",0.25
"NG05_TH00144","netreligion",0.5
"NG05_TH00128","netreligion",0.2
"NG05_TH00122","netreligion",0.666666666666667
"NG05_TH00111","netreligion",0.5
"NG05_TH00106","netreligion",0.5
"NG05_TH00050","netreligion",1
"NG05_TH00044","netreligion",0.5
"NG05_TH00016","netreligion",0.2
"NG05_TH00013","netreligion",0.5
"NG05_TH00006","netreligion",1
"NG06_TH03504","netsingles",1
"NG06_TH03502","netsingles",0.875
"NG06_TH03501","netsingles",0.842105263157895
"NG06_TH03499","netsingles",1.5
"NG06_TH03498","netsingles",1
"NG06_TH03497","netsingles",1
"NG06_TH03494","netsingles",1
"NG06_TH03492","netsingles",2
"NG06_TH03491","netsingles",1
"NG06_TH03489","netsingles",0.166666666666667
"NG06_TH03480","netsingles",1
"NG06_TH03479","netsingles",0.794117647058823
"NG06_TH03477","netsingles",1
"NG06_TH03474","netsingles",0.25
"NG06_TH03471","netsingles",1
"NG06_TH03469","netsingles",0.333333333333333
"NG06_TH03466","netsingles",1
"NG06_TH03465","netsingles",1
"NG06_TH03464","netsingles",1
"NG06_TH03462","netsingles",3
"NG06_TH03458","netsingles",0.6
"NG06_TH03455","netsingles",0.666666666666667
"NG06_TH03452","netsingles",0.133333333333333
"NG06_TH03451","netsingles",0.25
"NG06_TH03449","netsingles",0.298245614035088
"NG06_TH03448","netsingles",0.032258064516129
"NG06_TH03447","netsingles",0.483870967741935
"NG06_TH03442","netsingles",0.285714285714286
"NG06_TH03441","netsingles",0.5
"NG06_TH03439","netsingles",0.333333333333333
"NG06_TH03436","netsingles",0.136363636363636
"NG06_TH03435","netsingles",0.142857142857143
"NG06_TH03433","netsingles",0.0909090909090909
"NG06_TH03431","netsingles",0.140350877192982
"NG06_TH03426","netsingles",0.769230769230769
"NG06_TH03419","netsingles",0.35
"NG06_TH03417","netsingles",0.25
"NG06_TH03415","netsingles",0.024390243902439
"NG06_TH03402","netsingles",0.333333333333333
"NG06_TH03396","netsingles",0.333333333333333
"NG06_TH03385","netsingles",0.260869565217391
"NG06_TH03382","netsingles",1
"NG06_TH03376","netsingles",1
"NG06_TH03373","netsingles",0.235294117647059
"NG06_TH03369","netsingles",0.666666666666667
"NG06_TH03368","netsingles",0.5
"NG06_TH03363","netsingles",0.666666666666667
"NG06_TH03357","netsingles",0.4
"NG06_TH03355","netsingles",0.333333333333333
"NG06_TH03354","netsingles",1
"NG06_TH03353","netsingles",0.555555555555556
"NG06_TH03352","netsingles",1
"NG06_TH03343","netsingles",0.5
"NG06_TH03342","netsingles",0.0444444444444444
"NG06_TH03334","netsingles",1
"NG06_TH03318","netsingles",0.5
"NG06_TH03312","netsingles",1
"NG06_TH03311","netsingles",1
"NG06_TH03308","netsingles",1
"NG06_TH03304","netsingles",0.333333333333333
"NG06_TH03303","netsingles",0.428571428571429
"NG06_TH03298","netsingles",0.5
"NG06_TH03290","netsingles",0.75
"NG06_TH03286","netsingles",1
"NG06_TH03282","netsingles",0.5
"NG06_TH03279","netsingles",0.333333333333333
"NG06_TH03278","netsingles",0.384615384615385
"NG06_TH03277","netsingles",1
"NG06_TH03270","netsingles",0.5
"NG06_TH03267","netsingles",0.333333333333333
"NG06_TH03261","netsingles",0.222222222222222
"NG06_TH03256","netsingles",0.0263157894736842
"NG06_TH03255","netsingles",0.25
"NG06_TH03248","netsingles",1
"NG06_TH03246","netsingles",0.5
"NG06_TH03242","netsingles",0.0909090909090909
"NG06_TH03241","netsingles",1
"NG06_TH03238","netsingles",0.333333333333333
"NG06_TH03228","netsingles",0.238095238095238
"NG06_TH03227","netsingles",1
"NG06_TH03224","netsingles",1
"NG06_TH03223","netsingles",1
"NG06_TH03217","netsingles",1
"NG06_TH03216","netsingles",1
"NG06_TH03213","netsingles",1
"NG06_TH03211","netsingles",1
"NG06_TH03209","netsingles",0.333333333333333
"NG06_TH03206","netsingles",0.106382978723404
"NG06_TH03203","netsingles",0.0333333333333333
"NG06_TH03192","netsingles",0.136363636363636
"NG06_TH03183","netsingles",0.408450704225352
"NG06_TH03179","netsingles",2
"NG06_TH03176","netsingles",0.444444444444444
"NG06_TH03175","netsingles",0.142857142857143
"NG06_TH03169","netsingles",0.25
"NG06_TH03168","netsingles",2.25
"NG06_TH03164","netsingles",0.666666666666667
"NG06_TH03162","netsingles",0.5
"NG06_TH03154","netsingles",0.333333333333333
"NG06_TH03146","netsingles",0.5
"NG06_TH03141","netsingles",0.25
"NG06_TH03138","netsingles",1
"NG06_TH03134","netsingles",0.384615384615385
"NG06_TH03132","netsingles",0.333333333333333
"NG06_TH03123","netsingles",0.333333333333333
"NG06_TH03119","netsingles",1
"NG06_TH03117","netsingles",1
"NG06_TH03111","netsingles",0.25
"NG06_TH03110","netsingles",0.230769230769231
"NG06_TH03109","netsingles",0.0625
"NG06_TH03106","netsingles",0.5
"NG06_TH03100","netsingles",1
"NG06_TH03099","netsingles",0.5
"NG06_TH03098","netsingles",1
"NG06_TH03093","netsingles",0.072463768115942
"NG06_TH03089","netsingles",1
"NG06_TH03077","netsingles",0.5
"NG06_TH03075","netsingles",0.0625
"NG06_TH03068","netsingles",0.17
"NG06_TH03067","netsingles",0.25
"NG06_TH03061","netsingles",0.5
"NG06_TH03057","netsingles",0.4
"NG06_TH03055","netsingles",0.0363636363636364
"NG06_TH03047","netsingles",0.25
"NG06_TH03043","netsingles",0.12
"NG06_TH03037","netsingles",1
"NG06_TH03030","netsingles",1
"NG06_TH03028","netsingles",2.28571428571429
"NG06_TH03024","netsingles",2
"NG06_TH03020","netsingles",0.0909090909090909
"NG06_TH03018","netsingles",1
"NG06_TH03016","netsingles",0.857142857142857
"NG06_TH03013","netsingles",0.333333333333333
"NG06_TH03008","netsingles",0.611111111111111
"NG06_TH03006","netsingles",1
"NG06_TH03003","netsingles",0.28
"NG06_TH03001","netsingles",0.285714285714286
"NG06_TH02994","netsingles",0.35
"NG06_TH02993","netsingles",0.333333333333333
"NG06_TH02992","netsingles",0.08
"NG06_TH02991","netsingles",1
"NG06_TH02989","netsingles",1
"NG06_TH02987","netsingles",0.142857142857143
"NG06_TH02984","netsingles",0.111111111111111
"NG06_TH02983","netsingles",0.222222222222222
"NG06_TH02976","netsingles",0.2
"NG06_TH02973","netsingles",0.6
"NG06_TH02972","netsingles",0.2
"NG06_TH02968","netsingles",0.133333333333333
"NG06_TH02965","netsingles",0.125
"NG06_TH02958","netsingles",0.507246376811594
"NG06_TH02947","netsingles",1
"NG06_TH02942","netsingles",1
"NG06_TH02941","netsingles",1
"NG06_TH02940","netsingles",0.0625
"NG06_TH02935","netsingles",0.307692307692308
"NG06_TH02924","netsingles",0.12
"NG06_TH02923","netsingles",0.0833333333333333
"NG06_TH02919","netsingles",1
"NG06_TH02916","netsingles",1
"NG06_TH02915","netsingles",0.375
"NG06_TH02908","netsingles",1
"NG06_TH02902","netsingles",0.714285714285714
"NG06_TH02896","netsingles",0.05
"NG06_TH02893","netsingles",0.428571428571429
"NG06_TH02890","netsingles",0.142857142857143
"NG06_TH02888","netsingles",0.333333333333333
"NG06_TH02887","netsingles",1
"NG06_TH02886","netsingles",0.2
"NG06_TH02881","netsingles",0.157894736842105
"NG06_TH02877","netsingles",0.125
"NG06_TH02876","netsingles",1
"NG06_TH02874","netsingles",0.461538461538462
"NG06_TH02873","netsingles",1
"NG06_TH02871","netsingles",0.01
"NG06_TH02866","netsingles",1
"NG06_TH02862","netsingles",0.523809523809524
"NG06_TH02858","netsingles",1
"NG06_TH02857","netsingles",1
"NG06_TH02854","netsingles",1
"NG06_TH02850","netsingles",1
"NG06_TH02840","netsingles",1
"NG06_TH02839","netsingles",0.25
"NG06_TH02834","netsingles",1
"NG06_TH02831","netsingles",1
"NG06_TH02829","netsingles",1
"NG06_TH02825","netsingles",0.0909090909090909
"NG06_TH02823","netsingles",0.333333333333333
"NG06_TH02820","netsingles",1
"NG06_TH02819","netsingles",2.6
"NG06_TH02815","netsingles",0.222222222222222
"NG06_TH02812","netsingles",0.666666666666667
"NG06_TH02806","netsingles",0.04
"NG06_TH02804","netsingles",0.5
"NG06_TH02788","netsingles",1
"NG06_TH02786","netsingles",0.166666666666667
"NG06_TH02784","netsingles",0.5
"NG06_TH02783","netsingles",1
"NG06_TH02782","netsingles",1
"NG06_TH02779","netsingles",0.3125
"NG06_TH02778","netsingles",0.372093023255814
"NG06_TH02773","netsingles",0.125
"NG06_TH02762","netsingles",1
"NG06_TH02745","netsingles",0.666666666666667
"NG06_TH02744","netsingles",0.2
"NG06_TH02742","netsingles",0.0526315789473684
"NG06_TH02734","netsingles",0.333333333333333
"NG06_TH02733","netsingles",0.647058823529412
"NG06_TH02727","netsingles",0.08
"NG06_TH02722","netsingles",0.166666666666667
"NG06_TH02718","netsingles",1
"NG06_TH02717","netsingles",0.5
"NG06_TH02715","netsingles",2
"NG06_TH02714","netsingles",0.310344827586207
"NG06_TH02711","netsingles",0.0681818181818182
"NG06_TH02709","netsingles",0.25
"NG06_TH02707","netsingles",0.333333333333333
"NG06_TH02699","netsingles",0.153846153846154
"NG06_TH02696","netsingles",1
"NG06_TH02683","netsingles",0.25
"NG06_TH02681","netsingles",0.2
"NG06_TH02679","netsingles",0.133333333333333
"NG06_TH02674","netsingles",0.5
"NG06_TH02671","netsingles",0.285714285714286
"NG06_TH02669","netsingles",1
"NG06_TH02668","netsingles",0.125
"NG06_TH02653","netsingles",0.2
"NG06_TH02647","netsingles",0.0625
"NG06_TH02641","netsingles",1
"NG06_TH02638","netsingles",1
"NG06_TH02629","netsingles",0.333333333333333
"NG06_TH02627","netsingles",0.25
"NG06_TH02626","netsingles",0.75
"NG06_TH02624","netsingles",1
"NG06_TH02622","netsingles",1
"NG06_TH02621","netsingles",0.25
"NG06_TH02619","netsingles",1
"NG06_TH02617","netsingles",0.5
"NG06_TH02613","netsingles",0.5
"NG06_TH02609","netsingles",0.5
"NG06_TH02606","netsingles",0.333333333333333
"NG06_TH02600","netsingles",0.285714285714286
"NG06_TH02597","netsingles",1
"NG06_TH02574","netsingles",0.166666666666667
"NG06_TH02570","netsingles",0.777777777777778
"NG06_TH02557","netsingles",1
"NG06_TH02555","netsingles",1
"NG06_TH02553","netsingles",1
"NG06_TH02552","netsingles",1
"NG06_TH02548","netsingles",1
"NG06_TH02547","netsingles",0.5
"NG06_TH02532","netsingles",0.125
"NG06_TH02529","netsingles",0.5
"NG06_TH02524","netsingles",0.705882352941177
"NG06_TH02515","netsingles",1
"NG06_TH02512","netsingles",0.25
"NG06_TH02505","netsingles",0.5
"NG06_TH02504","netsingles",0.333333333333333
"NG06_TH02502","netsingles",0.5
"NG06_TH02499","netsingles",1
"NG06_TH02497","netsingles",0.5
"NG06_TH02495","netsingles",0.127659574468085
"NG06_TH02484","netsingles",1
"NG06_TH02483","netsingles",0.125
"NG06_TH02481","netsingles",0.5
"NG06_TH02476","netsingles",0.5
"NG06_TH02475","netsingles",0.714285714285714
"NG06_TH02473","netsingles",0.5
"NG06_TH02470","netsingles",1
"NG06_TH02466","netsingles",0.333333333333333
"NG06_TH02458","netsingles",0.333333333333333
"NG06_TH02456","netsingles",0.12
"NG06_TH02455","netsingles",1
"NG06_TH02453","netsingles",1
"NG06_TH02452","netsingles",0.428571428571429
"NG06_TH02451","netsingles",0.333333333333333
"NG06_TH02450","netsingles",0.5
"NG06_TH02449","netsingles",0.666666666666667
"NG06_TH02446","netsingles",0.5
"NG06_TH02439","netsingles",1
"NG06_TH02437","netsingles",0.166666666666667
"NG06_TH02436","netsingles",0.222222222222222
"NG06_TH02430","netsingles",1
"NG06_TH02423","netsingles",1
"NG06_TH02422","netsingles",1
"NG06_TH02419","netsingles",1
"NG06_TH02417","netsingles",0.6
"NG06_TH02412","netsingles",0.8
"NG06_TH02405","netsingles",0.5
"NG06_TH02404","netsingles",1
"NG06_TH02403","netsingles",0.5
"NG06_TH02395","netsingles",0.25
"NG06_TH02394","netsingles",0.4
"NG06_TH02390","netsingles",0.6
"NG06_TH02386","netsingles",0.147058823529412
"NG06_TH02385","netsingles",0.714285714285714
"NG06_TH02383","netsingles",0.25
"NG06_TH02381","netsingles",1
"NG06_TH02377","netsingles",1
"NG06_TH02372","netsingles",0.111111111111111
"NG06_TH02369","netsingles",1
"NG06_TH02367","netsingles",1
"NG06_TH02363","netsingles",0.666666666666667
"NG06_TH02360","netsingles",0.125
"NG06_TH02356","netsingles",0.6
"NG06_TH02355","netsingles",0.9375
"NG06_TH02350","netsingles",0.25
"NG06_TH02345","netsingles",1.33333333333333
"NG06_TH02344","netsingles",1.66666666666667
"NG06_TH02342","netsingles",1
"NG06_TH02340","netsingles",1
"NG06_TH02338","netsingles",1
"NG06_TH02337","netsingles",0.5
"NG06_TH02335","netsingles",0.666666666666667
"NG06_TH02331","netsingles",0.5
"NG06_TH02327","netsingles",1
"NG06_TH02326","netsingles",0.428571428571429
"NG06_TH02318","netsingles",1
"NG06_TH02316","netsingles",0.5
"NG06_TH02315","netsingles",0.333333333333333
"NG06_TH02313","netsingles",0.5
"NG06_TH02312","netsingles",1
"NG06_TH02309","netsingles",2
"NG06_TH02308","netsingles",2
"NG06_TH02305","netsingles",0.333333333333333
"NG06_TH02303","netsingles",2
"NG06_TH02301","netsingles",0.75
"NG06_TH02295","netsingles",0.0333333333333333
"NG06_TH02291","netsingles",1
"NG06_TH02289","netsingles",1
"NG06_TH02288","netsingles",0.230769230769231
"NG06_TH02287","netsingles",1
"NG06_TH02284","netsingles",0.333333333333333
"NG06_TH02282","netsingles",0.166666666666667
"NG06_TH02277","netsingles",1
"NG06_TH02275","netsingles",1
"NG06_TH02274","netsingles",1
"NG06_TH02268","netsingles",0.5
"NG06_TH02267","netsingles",1
"NG06_TH02265","netsingles",0.5
"NG06_TH02259","netsingles",0.2
"NG06_TH02258","netsingles",0.4
"NG06_TH02254","netsingles",1
"NG06_TH02253","netsingles",1
"NG06_TH02252","netsingles",1
"NG06_TH02251","netsingles",0.166666666666667
"NG06_TH02250","netsingles",1
"NG06_TH02248","netsingles",0.333333333333333
"NG06_TH02246","netsingles",0.25
"NG06_TH02243","netsingles",0.5
"NG06_TH02237","netsingles",1
"NG06_TH02231","netsingles",0.428571428571429
"NG06_TH02221","netsingles",1
"NG06_TH02217","netsingles",0.666666666666667
"NG06_TH02212","netsingles",1
"NG06_TH02211","netsingles",1
"NG06_TH02210","netsingles",0.5
"NG06_TH02205","netsingles",1
"NG06_TH02200","netsingles",1
"NG06_TH02199","netsingles",0.354838709677419
"NG06_TH02196","netsingles",0.294117647058824
"NG06_TH02194","netsingles",0.909090909090909
"NG06_TH02192","netsingles",0.125
"NG06_TH02188","netsingles",0.888888888888889
"NG06_TH02181","netsingles",0.5
"NG06_TH02179","netsingles",3
"NG06_TH02176","netsingles",0.5
"NG06_TH02175","netsingles",0.375
"NG06_TH02174","netsingles",0.0833333333333333
"NG06_TH02169","netsingles",1
"NG06_TH02168","netsingles",1
"NG06_TH02163","netsingles",1
"NG06_TH02159","netsingles",1
"NG06_TH02155","netsingles",1
"NG06_TH02153","netsingles",0.666666666666667
"NG06_TH02149","netsingles",0.304347826086957
"NG06_TH02148","netsingles",0.8
"NG06_TH02143","netsingles",0.666666666666667
"NG06_TH02142","netsingles",1
"NG06_TH02139","netsingles",1
"NG06_TH02133","netsingles",0.25
"NG06_TH02132","netsingles",1
"NG06_TH02129","netsingles",1
"NG06_TH02124","netsingles",0.125
"NG06_TH02121","netsingles",1
"NG06_TH02120","netsingles",1
"NG06_TH02119","netsingles",1
"NG06_TH02118","netsingles",1
"NG06_TH02107","netsingles",0.75
"NG06_TH02100","netsingles",0.5
"NG06_TH02098","netsingles",1
"NG06_TH02097","netsingles",0.333333333333333
"NG06_TH02096","netsingles",1
"NG06_TH02094","netsingles",1
"NG06_TH02080","netsingles",0.5
"NG06_TH02077","netsingles",1
"NG06_TH02073","netsingles",0.4
"NG06_TH02072","netsingles",0.333333333333333
"NG06_TH02067","netsingles",0.9375
"NG06_TH02066","netsingles",0.75
"NG06_TH02065","netsingles",1
"NG06_TH02064","netsingles",1
"NG06_TH02062","netsingles",1
"NG06_TH02060","netsingles",1
"NG06_TH02051","netsingles",0.5
"NG06_TH02047","netsingles",0.333333333333333
"NG06_TH02046","netsingles",0.0714285714285714
"NG06_TH02041","netsingles",1
"NG06_TH02040","netsingles",1
"NG06_TH02036","netsingles",1
"NG06_TH02032","netsingles",0.142857142857143
"NG06_TH02029","netsingles",1
"NG06_TH02025","netsingles",0.666666666666667
"NG06_TH02024","netsingles",0.2
"NG06_TH02022","netsingles",0.25
"NG06_TH02020","netsingles",1
"NG06_TH02019","netsingles",0.333333333333333
"NG06_TH02018","netsingles",1
"NG06_TH02017","netsingles",0.666666666666667
"NG06_TH02011","netsingles",1
"NG06_TH02009","netsingles",1
"NG06_TH02004","netsingles",0.5
"NG06_TH02000","netsingles",0.25
"NG06_TH01999","netsingles",0.166666666666667
"NG06_TH01998","netsingles",1
"NG06_TH01992","netsingles",1
"NG06_TH01991","netsingles",1
"NG06_TH01988","netsingles",0.454545454545455
"NG06_TH01981","netsingles",0.5
"NG06_TH01980","netsingles",1
"NG06_TH01979","netsingles",0.333333333333333
"NG06_TH01975","netsingles",0.25
"NG06_TH01971","netsingles",0.5
"NG06_TH01970","netsingles",0.666666666666667
"NG06_TH01969","netsingles",0.5
"NG06_TH01967","netsingles",0.5
"NG06_TH01966","netsingles",0.5
"NG06_TH01965","netsingles",1
"NG06_TH01964","netsingles",1
"NG06_TH01963","netsingles",1
"NG06_TH01962","netsingles",1
"NG06_TH01961","netsingles",1
"NG06_TH01959","netsingles",0.428571428571429
"NG06_TH01955","netsingles",1
"NG06_TH01954","netsingles",0.260869565217391
"NG06_TH01947","netsingles",0.5
"NG06_TH01946","netsingles",1
"NG06_TH01943","netsingles",0.75
"NG06_TH01942","netsingles",1
"NG06_TH01941","netsingles",1
"NG06_TH01940","netsingles",0.5
"NG06_TH01939","netsingles",0.333333333333333
"NG06_TH01932","netsingles",0.5
"NG06_TH01923","netsingles",1
"NG06_TH01922","netsingles",0.5
"NG06_TH01920","netsingles",1
"NG06_TH01919","netsingles",0.5
"NG06_TH01912","netsingles",1
"NG06_TH01911","netsingles",0.142857142857143
"NG06_TH01908","netsingles",0.2
"NG06_TH01902","netsingles",2
"NG06_TH01901","netsingles",0.5
"NG06_TH01894","netsingles",1
"NG06_TH01893","netsingles",0.2
"NG06_TH01891","netsingles",1
"NG06_TH01890","netsingles",0.25
"NG06_TH01889","netsingles",1
"NG06_TH01888","netsingles",0.333333333333333
"NG06_TH01881","netsingles",1
"NG06_TH01880","netsingles",1
"NG06_TH01875","netsingles",1
"NG06_TH01873","netsingles",0.457142857142857
"NG06_TH01872","netsingles",1
"NG06_TH01863","netsingles",1
"NG06_TH01858","netsingles",1
"NG06_TH01852","netsingles",0.8
"NG06_TH01851","netsingles",0.25
"NG06_TH01850","netsingles",0.666666666666667
"NG06_TH01849","netsingles",1
"NG06_TH01840","netsingles",1
"NG06_TH01839","netsingles",1
"NG06_TH01836","netsingles",0.5
"NG06_TH01833","netsingles",0.5
"NG06_TH01831","netsingles",2
"NG06_TH01830","netsingles",0.111111111111111
"NG06_TH01829","netsingles",1
"NG06_TH01823","netsingles",0.705882352941177
"NG06_TH01821","netsingles",0.454545454545455
"NG06_TH01812","netsingles",1
"NG06_TH01811","netsingles",1
"NG06_TH01810","netsingles",1
"NG06_TH01804","netsingles",0.25
"NG06_TH01802","netsingles",0.5
"NG06_TH01797","netsingles",0.0566037735849057
"NG06_TH01792","netsingles",1
"NG06_TH01789","netsingles",0.25
"NG06_TH01785","netsingles",0.166666666666667
"NG06_TH01784","netsingles",1
"NG06_TH01783","netsingles",0.125
"NG06_TH01773","netsingles",1
"NG06_TH01770","netsingles",1
"NG06_TH01755","netsingles",0.166666666666667
"NG06_TH01750","netsingles",1
"NG06_TH01747","netsingles",1
"NG06_TH01741","netsingles",1
"NG06_TH01734","netsingles",0.333333333333333
"NG06_TH01733","netsingles",1
"NG06_TH01732","netsingles",0.666666666666667
"NG06_TH01730","netsingles",1
"NG06_TH01729","netsingles",0.333333333333333
"NG06_TH01728","netsingles",0.166666666666667
"NG06_TH01721","netsingles",1
"NG06_TH01716","netsingles",1
"NG06_TH01715","netsingles",1
"NG06_TH01714","netsingles",1
"NG06_TH01713","netsingles",0.5
"NG06_TH01712","netsingles",1
"NG06_TH01711","netsingles",1
"NG06_TH01709","netsingles",0.2
"NG06_TH01703","netsingles",1
"NG06_TH01699","netsingles",0.5
"NG06_TH01692","netsingles",1
"NG06_TH01691","netsingles",1
"NG06_TH01686","netsingles",1
"NG06_TH01682","netsingles",1
"NG06_TH01680","netsingles",1
"NG06_TH01679","netsingles",0.8
"NG06_TH01675","netsingles",1
"NG06_TH01674","netsingles",0.666666666666667
"NG06_TH01673","netsingles",0.0833333333333333
"NG06_TH01670","netsingles",0.517241379310345
"NG06_TH01669","netsingles",1
"NG06_TH01667","netsingles",1
"NG06_TH01662","netsingles",0.1
"NG06_TH01660","netsingles",0.166666666666667
"NG06_TH01659","netsingles",0.8
"NG06_TH01656","netsingles",0.5
"NG06_TH01651","netsingles",0.416666666666667
"NG06_TH01646","netsingles",0.214285714285714
"NG06_TH01645","netsingles",0.416666666666667
"NG06_TH01640","netsingles",0.125
"NG06_TH01632","netsingles",0.75
"NG06_TH01627","netsingles",0.25
"NG06_TH01626","netsingles",1
"NG06_TH01623","netsingles",0.133333333333333
"NG06_TH01622","netsingles",0.5
"NG06_TH01621","netsingles",0.5
"NG06_TH01619","netsingles",1
"NG06_TH01617","netsingles",1
"NG06_TH01616","netsingles",0.857142857142857
"NG06_TH01613","netsingles",1
"NG06_TH01607","netsingles",1
"NG06_TH01606","netsingles",0.333333333333333
"NG06_TH01604","netsingles",0.333333333333333
"NG06_TH01599","netsingles",0.625
"NG06_TH01598","netsingles",0.5
"NG06_TH01597","netsingles",0.333333333333333
"NG06_TH01594","netsingles",1
"NG06_TH01591","netsingles",1
"NG06_TH01590","netsingles",1
"NG06_TH01589","netsingles",2
"NG06_TH01588","netsingles",0.5
"NG06_TH01583","netsingles",1
"NG06_TH01581","netsingles",0.416666666666667
"NG06_TH01576","netsingles",0.4
"NG06_TH01573","netsingles",1
"NG06_TH01571","netsingles",1
"NG06_TH01569","netsingles",1
"NG06_TH01567","netsingles",1
"NG06_TH01561","netsingles",1
"NG06_TH01555","netsingles",1
"NG06_TH01553","netsingles",0.7
"NG06_TH01552","netsingles",0.192307692307692
"NG06_TH01548","netsingles",0.0833333333333333
"NG06_TH01545","netsingles",1
"NG06_TH01544","netsingles",1
"NG06_TH01541","netsingles",0.142857142857143
"NG06_TH01537","netsingles",1
"NG06_TH01535","netsingles",0.55
"NG06_TH01534","netsingles",1
"NG06_TH01533","netsingles",1
"NG06_TH01531","netsingles",0.5
"NG06_TH01523","netsingles",1
"NG06_TH01520","netsingles",0.25
"NG06_TH01519","netsingles",1
"NG06_TH01518","netsingles",1
"NG06_TH01512","netsingles",1
"NG06_TH01511","netsingles",1
"NG06_TH01507","netsingles",0.75
"NG06_TH01506","netsingles",1
"NG06_TH01503","netsingles",1
"NG06_TH01499","netsingles",0.5
"NG06_TH01498","netsingles",0.2
"NG06_TH01497","netsingles",0.5
"NG06_TH01495","netsingles",0.25
"NG06_TH01493","netsingles",1
"NG06_TH01492","netsingles",0.5
"NG06_TH01490","netsingles",0.25
"NG06_TH01489","netsingles",0.5
"NG06_TH01488","netsingles",0.5
"NG06_TH01484","netsingles",1.05555555555556
"NG06_TH01483","netsingles",1
"NG06_TH01482","netsingles",1
"NG06_TH01480","netsingles",1
"NG06_TH01479","netsingles",1
"NG06_TH01477","netsingles",1
"NG06_TH01476","netsingles",1
"NG06_TH01475","netsingles",0.125
"NG06_TH01473","netsingles",1
"NG06_TH01471","netsingles",1
"NG06_TH01470","netsingles",0.333333333333333
"NG06_TH01468","netsingles",1
"NG06_TH01466","netsingles",0.5
"NG06_TH01463","netsingles",1
"NG06_TH01455","netsingles",0.5
"NG06_TH01454","netsingles",1
"NG06_TH01452","netsingles",1
"NG06_TH01450","netsingles",1
"NG06_TH01443","netsingles",0.5
"NG06_TH01438","netsingles",1
"NG06_TH01435","netsingles",1
"NG06_TH01431","netsingles",0.5
"NG06_TH01420","netsingles",1
"NG06_TH01419","netsingles",1
"NG06_TH01416","netsingles",0.666666666666667
"NG06_TH01412","netsingles",1
"NG06_TH01411","netsingles",0.5
"NG06_TH01408","netsingles",0.2
"NG06_TH01403","netsingles",0.1
"NG06_TH01402","netsingles",1
"NG06_TH01399","netsingles",0.75
"NG06_TH01395","netsingles",0.153846153846154
"NG06_TH01393","netsingles",1
"NG06_TH01390","netsingles",0.5
"NG06_TH01389","netsingles",1
"NG06_TH01387","netsingles",1
"NG06_TH01386","netsingles",1
"NG06_TH01385","netsingles",0.4
"NG06_TH01382","netsingles",1
"NG06_TH01380","netsingles",0.5
"NG06_TH01379","netsingles",0.2
"NG06_TH01370","netsingles",0.714285714285714
"NG06_TH01368","netsingles",1
"NG06_TH01358","netsingles",0.2
"NG06_TH01357","netsingles",0.166666666666667
"NG06_TH01355","netsingles",1
"NG06_TH01350","netsingles",1
"NG06_TH01344","netsingles",1
"NG06_TH01340","netsingles",0.5
"NG06_TH01330","netsingles",1
"NG06_TH01323","netsingles",0.5
"NG06_TH01321","netsingles",0.333333333333333
"NG06_TH01317","netsingles",0.333333333333333
"NG06_TH01313","netsingles",1
"NG06_TH01312","netsingles",0.125
"NG06_TH01304","netsingles",0.333333333333333
"NG06_TH01301","netsingles",0.153846153846154
"NG06_TH01298","netsingles",0.166666666666667
"NG06_TH01290","netsingles",0.125
"NG06_TH01287","netsingles",0.2
"NG06_TH01286","netsingles",0.333333333333333
"NG06_TH01282","netsingles",0.5
"NG06_TH01277","netsingles",0.333333333333333
"NG06_TH01274","netsingles",0.5
"NG06_TH01272","netsingles",1
"NG06_TH01270","netsingles",0.125
"NG06_TH01269","netsingles",1
"NG06_TH01267","netsingles",1
"NG06_TH01266","netsingles",1
"NG06_TH01264","netsingles",1
"NG06_TH01262","netsingles",0.538461538461538
"NG06_TH01251","netsingles",1
"NG06_TH01250","netsingles",1
"NG06_TH01245","netsingles",0.2
"NG06_TH01243","netsingles",0.166666666666667
"NG06_TH01233","netsingles",1
"NG06_TH01225","netsingles",0.166666666666667
"NG06_TH01224","netsingles",1
"NG06_TH01221","netsingles",1
"NG06_TH01219","netsingles",1
"NG06_TH01216","netsingles",0.5
"NG06_TH01214","netsingles",1
"NG06_TH01213","netsingles",1
"NG06_TH01207","netsingles",0.142857142857143
"NG06_TH01203","netsingles",0.25
"NG06_TH01202","netsingles",0.75
"NG06_TH01198","netsingles",0.285714285714286
"NG06_TH01195","netsingles",0.5
"NG06_TH01190","netsingles",0.125
"NG06_TH01186","netsingles",1
"NG06_TH01184","netsingles",0.5
"NG06_TH01183","netsingles",0.25
"NG06_TH01180","netsingles",1
"NG06_TH01178","netsingles",0.333333333333333
"NG06_TH01166","netsingles",0.777777777777778
"NG06_TH01163","netsingles",0.833333333333333
"NG06_TH01155","netsingles",1
"NG06_TH01149","netsingles",0.5
"NG06_TH01147","netsingles",0.333333333333333
"NG06_TH01146","netsingles",1
"NG06_TH01144","netsingles",1
"NG06_TH01142","netsingles",0.333333333333333
"NG06_TH01140","netsingles",0.166666666666667
"NG06_TH01138","netsingles",1
"NG06_TH01137","netsingles",1
"NG06_TH01125","netsingles",0.5
"NG06_TH01122","netsingles",0.5
"NG06_TH01120","netsingles",0.111111111111111
"NG06_TH01114","netsingles",0.285714285714286
"NG06_TH01111","netsingles",1
"NG06_TH01106","netsingles",1
"NG06_TH01104","netsingles",0.833333333333333
"NG06_TH01102","netsingles",1
"NG06_TH01100","netsingles",1
"NG06_TH01090","netsingles",1
"NG06_TH01079","netsingles",0.5
"NG06_TH01074","netsingles",2
"NG06_TH01070","netsingles",0.5
"NG06_TH01069","netsingles",1
"NG06_TH01067","netsingles",1
"NG06_TH01064","netsingles",0.5
"NG06_TH01062","netsingles",1
"NG06_TH01058","netsingles",0.166666666666667
"NG06_TH01054","netsingles",0.166666666666667
"NG06_TH01041","netsingles",0.375
"NG06_TH01039","netsingles",0.125
"NG06_TH01038","netsingles",1
"NG06_TH01033","netsingles",0.333333333333333
"NG06_TH01031","netsingles",0.333333333333333
"NG06_TH01029","netsingles",1
"NG06_TH01028","netsingles",1
"NG06_TH01027","netsingles",1.33333333333333
"NG06_TH01023","netsingles",1
"NG06_TH01016","netsingles",0.5
"NG06_TH01006","netsingles",1
"NG06_TH01004","netsingles",0.125
"NG06_TH01003","netsingles",0.5
"NG06_TH00980","netsingles",1
"NG06_TH00971","netsingles",1
"NG06_TH00969","netsingles",1
"NG06_TH00965","netsingles",0.75
"NG06_TH00958","netsingles",1
"NG06_TH00957","netsingles",0.25
"NG06_TH00955","netsingles",0.5
"NG06_TH00954","netsingles",0.777777777777778
"NG06_TH00952","netsingles",1
"NG06_TH00946","netsingles",1
"NG06_TH00944","netsingles",1
"NG06_TH00933","netsingles",1
"NG06_TH00931","netsingles",1
"NG06_TH00927","netsingles",0.3
"NG06_TH00926","netsingles",1
"NG06_TH00925","netsingles",1
"NG06_TH00924","netsingles",1
"NG06_TH00923","netsingles",0.8125
"NG06_TH00920","netsingles",0.333333333333333
"NG06_TH00917","netsingles",1
"NG06_TH00915","netsingles",1
"NG06_TH00910","netsingles",1
"NG06_TH00909","netsingles",1.25
"NG06_TH00908","netsingles",1
"NG06_TH00907","netsingles",1
"NG06_TH00906","netsingles",1
"NG06_TH00905","netsingles",1
"NG06_TH00904","netsingles",0.125
"NG06_TH00903","netsingles",1
"NG06_TH00902","netsingles",1
"NG06_TH00901","netsingles",1
"NG06_TH00897","netsingles",2
"NG06_TH00896","netsingles",0.5
"NG06_TH00895","netsingles",1
"NG06_TH00894","netsingles",1
"NG06_TH00891","netsingles",1
"NG06_TH00887","netsingles",1
"NG06_TH00886","netsingles",0.5
"NG06_TH00859","netsingles",1
"NG06_TH00839","netsingles",1
"NG06_TH00836","netsingles",0.166666666666667
"NG06_TH00827","netsingles",0.2
"NG06_TH00825","netsingles",1
"NG06_TH00815","netsingles",1
"NG06_TH00814","netsingles",1
"NG06_TH00807","netsingles",1
"NG06_TH00790","netsingles",1
"NG06_TH00788","netsingles",1
"NG06_TH00784","netsingles",1
"NG06_TH00783","netsingles",1
"NG06_TH00777","netsingles",0.3
"NG06_TH00775","netsingles",0.5
"NG06_TH00773","netsingles",1
"NG06_TH00772","netsingles",1
"NG06_TH00761","netsingles",1
"NG06_TH00757","netsingles",1
"NG06_TH00756","netsingles",1
"NG06_TH00751","netsingles",1
"NG06_TH00749","netsingles",0.5
"NG06_TH00707","netsingles",1
"NG06_TH00688","netsingles",0.25
"NG06_TH00680","netsingles",1
"NG06_TH00678","netsingles",1
"NG06_TH00670","netsingles",0.5
"NG06_TH00664","netsingles",1
"NG06_TH00658","netsingles",0.5
"NG06_TH00656","netsingles",1
"NG06_TH00654","netsingles",1
"NG06_TH00651","netsingles",1
"NG06_TH00644","netsingles",1
"NG06_TH00640","netsingles",0.5
"NG06_TH00636","netsingles",1
"NG06_TH00635","netsingles",1
"NG06_TH00632","netsingles",0.142857142857143
"NG06_TH00627","netsingles",1
"NG06_TH00621","netsingles",0.5
"NG06_TH00617","netsingles",1
"NG06_TH00614","netsingles",0.333333333333333
"NG06_TH00613","netsingles",1
"NG06_TH00610","netsingles",0.555555555555556
"NG06_TH00606","netsingles",1
"NG06_TH00605","netsingles",0.2
"NG06_TH00604","netsingles",1
"NG06_TH00603","netsingles",1
"NG06_TH00602","netsingles",1
"NG06_TH00601","netsingles",1
"NG06_TH00600","netsingles",0.2
"NG06_TH00598","netsingles",1
"NG06_TH00596","netsingles",1
"NG06_TH00595","netsingles",0.5
"NG06_TH00594","netsingles",1
"NG06_TH00585","netsingles",0.25
"NG06_TH00583","netsingles",1
"NG06_TH00576","netsingles",1
"NG06_TH00574","netsingles",1
"NG06_TH00569","netsingles",0.5
"NG06_TH00564","netsingles",0.166666666666667
"NG06_TH00563","netsingles",1
"NG06_TH00556","netsingles",1
"NG06_TH00547","netsingles",1
"NG06_TH00546","netsingles",1
"NG06_TH00542","netsingles",0.25
"NG06_TH00536","netsingles",0.333333333333333
"NG06_TH00533","netsingles",1
"NG06_TH00532","netsingles",1
"NG06_TH00527","netsingles",0.2
"NG06_TH00526","netsingles",1
"NG06_TH00524","netsingles",1
"NG06_TH00523","netsingles",1
"NG06_TH00521","netsingles",0.5
"NG06_TH00520","netsingles",1
"NG06_TH00504","netsingles",1
"NG06_TH00502","netsingles",1
"NG06_TH00495","netsingles",0.230769230769231
"NG06_TH00494","netsingles",0.5
"NG06_TH00492","netsingles",1
"NG06_TH00490","netsingles",0.1
"NG06_TH00482","netsingles",1
"NG06_TH00475","netsingles",1
"NG06_TH00474","netsingles",1
"NG06_TH00472","netsingles",1
"NG06_TH00471","netsingles",1
"NG06_TH00460","netsingles",0.333333333333333
"NG06_TH00458","netsingles",1
"NG06_TH00456","netsingles",0.25
"NG06_TH00453","netsingles",1
"NG06_TH00448","netsingles",0.5
"NG06_TH00429","netsingles",0.25
"NG06_TH00409","netsingles",0.0714285714285714
"NG06_TH00408","netsingles",1
"NG06_TH00407","netsingles",1
"NG06_TH00402","netsingles",1
"NG06_TH00401","netsingles",1
"NG06_TH00391","netsingles",1
"NG06_TH00380","netsingles",0.333333333333333
"NG06_TH00376","netsingles",1
"NG06_TH00368","netsingles",1
"NG06_TH00367","netsingles",1
"NG06_TH00363","netsingles",1
"NG06_TH00362","netsingles",0.666666666666667
"NG06_TH00360","netsingles",0.2
"NG06_TH00354","netsingles",2
"NG06_TH00352","netsingles",0.8
"NG06_TH00336","netsingles",1
"NG06_TH00333","netsingles",1
"NG06_TH00332","netsingles",1
"NG06_TH00330","netsingles",0.333333333333333
"NG06_TH00329","netsingles",1
"NG06_TH00327","netsingles",0.142857142857143
"NG06_TH00325","netsingles",0.2
"NG06_TH00324","netsingles",0.5
"NG06_TH00316","netsingles",1
"NG06_TH00315","netsingles",1
"NG06_TH00313","netsingles",1
"NG06_TH00312","netsingles",0.166666666666667
"NG06_TH00310","netsingles",0.5
"NG06_TH00305","netsingles",0.5
"NG06_TH00303","netsingles",1.75
"NG06_TH00302","netsingles",1
"NG06_TH00295","netsingles",1
"NG06_TH00268","netsingles",0.5
"NG06_TH00261","netsingles",0.25
"NG06_TH00258","netsingles",1
"NG06_TH00256","netsingles",1
"NG06_TH00255","netsingles",1
"NG06_TH00248","netsingles",1
"NG06_TH00242","netsingles",1
"NG06_TH00239","netsingles",1
"NG06_TH00238","netsingles",1
"NG06_TH00230","netsingles",0.5
"NG06_TH00228","netsingles",1
"NG06_TH00205","netsingles",0.5
"NG06_TH00203","netsingles",1
"NG06_TH00200","netsingles",0.333333333333333
"NG06_TH00194","netsingles",1
"NG06_TH00189","netsingles",1
"NG06_TH00169","netsingles",0.5
"NG06_TH00158","netsingles",0.166666666666667
"NG06_TH00157","netsingles",1
"NG06_TH00141","netsingles",1
"NG06_TH00134","netsingles",0.25
"NG06_TH00133","netsingles",0.5
"NG06_TH00122","netsingles",1
"NG06_TH00115","netsingles",0.25
"NG06_TH00111","netsingles",1
"NG06_TH00103","netsingles",0.5
"NG06_TH00102","netsingles",1
"NG06_TH00098","netsingles",0.333333333333333
"NG06_TH00095","netsingles",1
"NG06_TH00093","netsingles",1
"NG06_TH00084","netsingles",0.222222222222222
"NG06_TH00065","netsingles",1
"NG06_TH00056","netsingles",1
"NG06_TH00052","netsingles",0.2
"NG06_TH00048","netsingles",1
"NG06_TH00041","netsingles",1
"NG06_TH00040","netsingles",1
"NG06_TH00039","netsingles",1
"NG06_TH00037","netsingles",1
"NG06_TH00028","netsingles",1
"NG06_TH00025","netsingles",1
"NG06_TH00022","netsingles",1
"NG06_TH00006","netsingles",1
"NG06_TH00004","netsingles",1
"NG06_TH00003","netsingles",1
"NG06_TH00001","netsingles",1
